2026-10-03T18:04:41.6726577Z Current runner version: '2.337.0'
2026-10-03T18:04:41.6753074Z ##[group]Runner Image Provisioner
2026-10-03T18:04:41.6753915Z Hosted Compute Agent
2026-10-03T18:04:41.6754581Z Version: 20260901.588
2026-10-03T18:04:41.6755210Z Commit: f88ec8081b781fac6c440065ac7ff9e710ce3d0b
2026-10-03T18:04:41.6755918Z Build Date: 2026-09-01T19:56:44Z
2026-10-03T18:04:41.6756708Z Worker ID: {a4c19e68-981c-4391-a512-d29eac815173}
2026-10-03T18:04:41.6757434Z Azure Region: northcentralus
2026-10-03T18:04:41.6758077Z ##[endgroup]
2026-10-03T18:04:41.6760115Z ##[group]Operating System
2026-10-03T18:04:41.6760812Z Ubuntu
2026-10-03T18:04:41.6761485Z 24.04.5
2026-10-03T18:04:41.6761997Z LTS
2026-10-03T18:04:41.6762542Z ##[endgroup]
2026-10-03T18:04:41.6763147Z ##[group]Runner Image
2026-10-03T18:04:41.6763741Z Image: ubuntu-24.04
2026-10-03T18:04:41.6764810Z Version: 20260927.320.1
2026-10-03T18:04:41.6766086Z Included Software: https://github.com/actions/runner-images/blob/ubuntu24/20260927.320/images/ubuntu/Ubuntu2404-Readme.md
2026-10-03T18:04:41.6767709Z Image Release: https://github.com/actions/runner-images/releases/tag/ubuntu24%2F20260927.320
2026-10-03T18:04:41.6768682Z ##[endgroup]
2026-10-03T18:04:41.6770189Z ##[group]GITHUB_TOKEN Permissions
2026-10-03T18:04:41.6772384Z Contents: read
2026-10-03T18:04:41.6773123Z Metadata: read
2026-10-03T18:04:41.6773700Z Packages: write
2026-10-03T18:04:41.6774362Z ##[endgroup]
2026-10-03T18:04:41.6776934Z Secret source: Actions
2026-10-03T18:04:41.6777853Z Cache mode: write
2026-10-03T18:04:41.6778878Z Prepare workflow directory
2026-10-03T18:04:41.7137818Z Prepare all required actions
2026-10-03T18:04:41.7186281Z Getting action download info
2026-10-03T18:04:42.0154229Z Download action repository 'actions/checkout@v4' (SHA:11d5960a326750d5838078e36cf38b85af677262)
2026-10-03T18:04:42.1315116Z Download action repository 'docker/setup-buildx-action@v3' (SHA:8d2750c68a42422c14e847fe6c8ac0403b4cbd6f)
2026-10-03T18:04:42.5415767Z Download action repository 'docker/build-push-action@v6' (SHA:10e90e3645eae34f1e60eeb005ba3a3d33f178e8)
2026-10-03T18:04:43.0866427Z Complete job name: build (agent-infra/aio-code)
2026-10-03T18:04:43.1823360Z ##[group]Run actions/checkout@v4
2026-10-03T18:04:43.1824951Z with:
2026-10-03T18:04:43.1826020Z   repository: otaku-say/cubesandbox-image
2026-10-03T18:04:43.1835206Z   token: ***
2026-10-03T18:04:43.1836190Z   ssh-strict: true
2026-10-03T18:04:43.1837234Z   ssh-user: git
2026-10-03T18:04:43.1838256Z   persist-credentials: true
2026-10-03T18:04:43.1839380Z   clean: true
2026-10-03T18:04:43.1840604Z   sparse-checkout-cone-mode: true
2026-10-03T18:04:43.1841780Z   fetch-depth: 1
2026-10-03T18:04:43.1842764Z   fetch-tags: false
2026-10-03T18:04:43.1843882Z   show-progress: true
2026-10-03T18:04:43.1844948Z   lfs: false
2026-10-03T18:04:43.1845951Z   submodules: false
2026-10-03T18:04:43.1846985Z   set-safe-directory: true
2026-10-03T18:04:43.1848103Z   allow-unsafe-pr-checkout: false
2026-10-03T18:04:43.1849857Z ##[endgroup]
2026-10-03T18:04:43.2939137Z Syncing repository: otaku-say/cubesandbox-image
2026-10-03T18:04:43.2943528Z ##[group]Getting Git version info
2026-10-03T18:04:43.2945462Z Working directory is '/home/runner/work/cubesandbox-image/cubesandbox-image'
2026-10-03T18:04:43.2949194Z [command]/usr/bin/git version
2026-10-03T18:04:43.3050588Z git version 2.55.0
2026-10-03T18:04:43.3080782Z ##[endgroup]
2026-10-03T18:04:43.3099914Z Temporarily overriding HOME='/home/runner/work/_temp/6e1a4b11-0c14-4235-805d-1b3d9adddc96' before making global git config changes
2026-10-03T18:04:43.3104500Z Adding repository directory to the temporary git global config as a safe directory
2026-10-03T18:04:43.3107382Z [command]/usr/bin/git config --global --add safe.directory /home/runner/work/cubesandbox-image/cubesandbox-image
2026-10-03T18:04:43.3162310Z Deleting the contents of '/home/runner/work/cubesandbox-image/cubesandbox-image'
2026-10-03T18:04:43.3180586Z ##[group]Initializing the repository
2026-10-03T18:04:43.3182466Z [command]/usr/bin/git init /home/runner/work/cubesandbox-image/cubesandbox-image
2026-10-03T18:04:43.3325534Z hint: Using 'master' as the name for the initial branch. This default branch name
2026-10-03T18:04:43.3329230Z hint: will change to "main" in Git 3.0. To configure the initial branch name
2026-10-03T18:04:43.3333083Z hint: to use in all of your new repositories, which will suppress this warning,
2026-10-03T18:04:43.3336074Z hint: call:
2026-10-03T18:04:43.3338098Z hint:
2026-10-03T18:04:43.3340343Z hint: 	git config --global init.defaultBranch <name>
2026-10-03T18:04:43.3342717Z hint:
2026-10-03T18:04:43.3345048Z hint: Names commonly chosen instead of 'master' are 'main', 'trunk' and
2026-10-03T18:04:43.3348580Z hint: 'development'. The just-created branch can be renamed via this command:
2026-10-03T18:04:43.3351955Z hint:
2026-10-03T18:04:43.3354225Z hint: 	git branch -m <name>
2026-10-03T18:04:43.3356569Z hint:
2026-10-03T18:04:43.3358714Z hint: Disable this message with "git config set advice.defaultBranchName false"
2026-10-03T18:04:43.3362977Z Initialized empty Git repository in /home/runner/work/cubesandbox-image/cubesandbox-image/.git/
2026-10-03T18:04:43.3370123Z [command]/usr/bin/git remote add origin https://github.com/otaku-say/cubesandbox-image
2026-10-03T18:04:43.3415277Z ##[endgroup]
2026-10-03T18:04:43.3418873Z ##[group]Disabling automatic garbage collection
2026-10-03T18:04:43.3422109Z [command]/usr/bin/git config --local gc.auto 0
2026-10-03T18:04:43.3465763Z ##[endgroup]
2026-10-03T18:04:43.3471148Z ##[group]Setting up auth
2026-10-03T18:04:43.3475261Z [command]/usr/bin/git config --local --name-only --get-regexp core\.sshCommand
2026-10-03T18:04:43.3511613Z [command]/usr/bin/git submodule foreach --recursive sh -c "git config --local --name-only --get-regexp 'core\.sshCommand' && git config --local --unset-all 'core.sshCommand' || :"
2026-10-03T18:04:43.3895399Z [command]/usr/bin/git config --local --name-only --get-regexp http\.https\:\/\/github\.com\/\.extraheader
2026-10-03T18:04:43.3933407Z [command]/usr/bin/git submodule foreach --recursive sh -c "git config --local --name-only --get-regexp 'http\.https\:\/\/github\.com\/\.extraheader' && git config --local --unset-all 'http.https://github.com/.extraheader' || :"
2026-10-03T18:04:43.4161527Z [command]/usr/bin/git config --local --name-only --get-regexp ^includeIf\.gitdir:
2026-10-03T18:04:43.4200752Z [command]/usr/bin/git submodule foreach --recursive git config --local --show-origin --name-only --get-regexp remote.origin.url
2026-10-03T18:04:43.4430902Z [command]/usr/bin/git config --local http.https://github.com/.extraheader AUTHORIZATION: basic ***
2026-10-03T18:04:43.4473388Z ##[endgroup]
2026-10-03T18:04:43.4475083Z ##[group]Fetching the repository
2026-10-03T18:04:43.4484646Z [command]/usr/bin/git -c protocol.version=2 fetch --no-tags --prune --no-recurse-submodules --depth=1 origin +c29905734ae6cfd76123cb6e1860666bf57eac06:refs/remotes/origin/feat/aio-code
2026-10-03T18:04:43.7177301Z From https://github.com/otaku-say/cubesandbox-image
2026-10-03T18:04:43.7182151Z  * [new ref]         c29905734ae6cfd76123cb6e1860666bf57eac06 -> origin/feat/aio-code
2026-10-03T18:04:43.7188057Z ##[endgroup]
2026-10-03T18:04:43.7190294Z ##[group]Determining the checkout info
2026-10-03T18:04:43.7192363Z ##[endgroup]
2026-10-03T18:04:43.7197368Z [command]/usr/bin/git sparse-checkout disable
2026-10-03T18:04:43.7265762Z [command]/usr/bin/git config --local --unset-all extensions.worktreeConfig
2026-10-03T18:04:43.7306451Z ##[group]Checking out the ref
2026-10-03T18:04:43.7311738Z [command]/usr/bin/git checkout --progress --force -B feat/aio-code refs/remotes/origin/feat/aio-code
2026-10-03T18:04:43.7427481Z Switched to a new branch 'feat/aio-code'
2026-10-03T18:04:43.7434625Z branch 'feat/aio-code' set up to track 'origin/feat/aio-code'.
2026-10-03T18:04:43.7446098Z ##[endgroup]
2026-10-03T18:04:43.7488081Z [command]/usr/bin/git log -1 --format=%H
2026-10-03T18:04:43.7516115Z c29905734ae6cfd76123cb6e1860666bf57eac06
2026-10-03T18:04:43.7841183Z ##[group]Run sudo rm -rf /usr/share/dotnet /usr/local/lib/android /opt/ghc /usr/local/share/boost || true
2026-10-03T18:04:43.7844042Z [36;1msudo rm -rf /usr/share/dotnet /usr/local/lib/android /opt/ghc /usr/local/share/boost || true[0m
2026-10-03T18:04:43.7845827Z [36;1mdf -h /[0m
2026-10-03T18:04:43.8138561Z shell: /usr/bin/bash -e {0}
2026-10-03T18:04:43.8139938Z ##[endgroup]
2026-10-03T18:05:24.7442881Z Filesystem      Size  Used Avail Use% Mounted on
2026-10-03T18:05:24.7443441Z /dev/root       145G   42G  103G  29% /
2026-10-03T18:05:24.7546019Z ##[group]Run docker/setup-buildx-action@v3
2026-10-03T18:05:24.7546405Z with:
2026-10-03T18:05:24.7546666Z   driver: docker-container
2026-10-03T18:05:24.7546950Z   use: true
2026-10-03T18:05:24.7547192Z   keep-state: false
2026-10-03T18:05:24.7547453Z   cache-binary: true
2026-10-03T18:05:24.7547712Z   cleanup: true
2026-10-03T18:05:24.7547960Z   install: false
2026-10-03T18:05:24.7548203Z ##[endgroup]
2026-10-03T18:05:25.0014219Z (node:2331) [DEP0040] DeprecationWarning: The `punycode` module is deprecated. Please use a userland alternative instead.
2026-10-03T18:05:25.0078212Z (Use `node --trace-deprecation ...` to show where the warning was created)
2026-10-03T18:05:25.0140681Z ##[group]Docker info
2026-10-03T18:05:25.0141684Z [command]/usr/bin/docker version
2026-10-03T18:05:25.1164846Z Client: Docker Engine - Community
2026-10-03T18:05:25.1167783Z  Version:           28.0.4
2026-10-03T18:05:25.1168780Z  API version:       1.48
2026-10-03T18:05:25.1169304Z  Go version:        go1.23.7
2026-10-03T18:05:25.1170042Z  Git commit:        b8034c0
2026-10-03T18:05:25.1170496Z  Built:             Tue Mar 25 15:07:16 2025
2026-10-03T18:05:25.1170994Z  OS/Arch:           linux/amd64
2026-10-03T18:05:25.1171399Z  Context:           default
2026-10-03T18:05:25.1171643Z 
2026-10-03T18:05:25.1171839Z Server: Docker Engine - Community
2026-10-03T18:05:25.1172258Z  Engine:
2026-10-03T18:05:25.1172599Z   Version:          28.0.4
2026-10-03T18:05:25.1173037Z   API version:      1.48 (minimum version 1.24)
2026-10-03T18:05:25.1173552Z   Go version:       go1.23.7
2026-10-03T18:05:25.1174206Z   Git commit:       6430e49
2026-10-03T18:05:25.1174629Z   Built:            Tue Mar 25 15:07:16 2025
2026-10-03T18:05:25.1175132Z   OS/Arch:          linux/amd64
2026-10-03T18:05:25.1175647Z   Experimental:     false
2026-10-03T18:05:25.1176093Z  containerd:
2026-10-03T18:05:25.1176553Z   Version:          v2.3.6
2026-10-03T18:05:25.1177109Z   GitCommit:        ee2735368117d2eb259779949d5e75cdafec9761
2026-10-03T18:05:25.1177738Z  runc:
2026-10-03T18:05:25.1178128Z   Version:          1.5.1
2026-10-03T18:05:25.1178545Z   GitCommit:        v1.5.1-0-g8f2685a4
2026-10-03T18:05:25.1179001Z  docker-init:
2026-10-03T18:05:25.1179337Z   Version:          0.19.0
2026-10-03T18:05:25.1179943Z   GitCommit:        de40ad0
2026-10-03T18:05:25.1233709Z [command]/usr/bin/docker info
2026-10-03T18:05:25.3379542Z Client: Docker Engine - Community
2026-10-03T18:05:25.3380718Z  Version:    28.0.4
2026-10-03T18:05:25.3381825Z  Context:    default
2026-10-03T18:05:25.3382278Z  Debug Mode: false
2026-10-03T18:05:25.3382642Z  Plugins:
2026-10-03T18:05:25.3383003Z   buildx: Docker Buildx (Docker Inc.)
2026-10-03T18:05:25.3384067Z     Version:  v0.37.1
2026-10-03T18:05:25.3384561Z     Path:     /usr/libexec/docker/cli-plugins/docker-buildx
2026-10-03T18:05:25.3385171Z   compose: Docker Compose (Docker Inc.)
2026-10-03T18:05:25.3385651Z     Version:  v2.38.2
2026-10-03T18:05:25.3386159Z     Path:     /usr/libexec/docker/cli-plugins/docker-compose
2026-10-03T18:05:25.3386584Z 
2026-10-03T18:05:25.3386721Z Server:
2026-10-03T18:05:25.3387037Z  Containers: 0
2026-10-03T18:05:25.3387374Z   Running: 0
2026-10-03T18:05:25.3387710Z   Paused: 0
2026-10-03T18:05:25.3388032Z   Stopped: 0
2026-10-03T18:05:25.3388353Z  Images: 6
2026-10-03T18:05:25.3388746Z  Server Version: 28.0.4
2026-10-03T18:05:25.3389141Z  Storage Driver: overlay2
2026-10-03T18:05:25.3390018Z   Backing Filesystem: extfs
2026-10-03T18:05:25.3390501Z   Supports d_type: true
2026-10-03T18:05:25.3390933Z   Using metacopy: false
2026-10-03T18:05:25.3391783Z   Native Overlay Diff: false
2026-10-03T18:05:25.3392281Z   userxattr: false
2026-10-03T18:05:25.3392677Z  Logging Driver: json-file
2026-10-03T18:05:25.3393113Z  Cgroup Driver: systemd
2026-10-03T18:05:25.3393515Z  Cgroup Version: 2
2026-10-03T18:05:25.3393870Z  Plugins:
2026-10-03T18:05:25.3394223Z   Volume: local
2026-10-03T18:05:25.3394642Z   Network: bridge host ipvlan macvlan null overlay
2026-10-03T18:05:25.3395674Z   Log: awslogs fluentd gcplogs gelf journald json-file local splunk syslog
2026-10-03T18:05:25.3396370Z  Swarm: inactive
2026-10-03T18:05:25.3396760Z  Runtimes: io.containerd.runc.v2 runc
2026-10-03T18:05:25.3397236Z  Default Runtime: runc
2026-10-03T18:05:25.3397627Z  Init Binary: docker-init
2026-10-03T18:05:25.3398170Z  containerd version: ee2735368117d2eb259779949d5e75cdafec9761
2026-10-03T18:05:25.3398784Z  runc version: v1.5.1-0-g8f2685a4
2026-10-03T18:05:25.3399241Z  init version: de40ad0
2026-10-03T18:05:25.3400096Z  Security Options:
2026-10-03T18:05:25.3400520Z   apparmor
2026-10-03T18:05:25.3400857Z   seccomp
2026-10-03T18:05:25.3401199Z    Profile: builtin
2026-10-03T18:05:25.3401563Z   cgroupns
2026-10-03T18:05:25.3401921Z  Kernel Version: 6.17.0-1022-azure
2026-10-03T18:05:25.3402406Z  Operating System: Ubuntu 24.04.5 LTS
2026-10-03T18:05:25.3402869Z  OSType: linux
2026-10-03T18:05:25.3403232Z  Architecture: x86_64
2026-10-03T18:05:25.3403654Z  CPUs: 4
2026-10-03T18:05:25.3403992Z  Total Memory: 15.61GiB
2026-10-03T18:05:25.3404410Z  Name: runnervm8df0l
2026-10-03T18:05:25.3404841Z  ID: 96bc9d58-7015-4b4a-8357-8e592f0b19b5
2026-10-03T18:05:25.3405395Z  Docker Root Dir: /var/lib/docker
2026-10-03T18:05:25.3405842Z  Debug Mode: false
2026-10-03T18:05:25.3406225Z  Username: githubactions
2026-10-03T18:05:25.3406642Z  Experimental: false
2026-10-03T18:05:25.3407028Z  Insecure Registries:
2026-10-03T18:05:25.3411847Z   ::1/128
2026-10-03T18:05:25.3412220Z   127.0.0.0/8
2026-10-03T18:05:25.3412510Z  Live Restore Enabled: false
2026-10-03T18:05:25.3412709Z 
2026-10-03T18:05:25.3413161Z ##[endgroup]
2026-10-03T18:05:25.4014643Z ##[group]Buildx version
2026-10-03T18:05:25.4047593Z [command]/usr/bin/docker buildx version
2026-10-03T18:05:25.4537672Z github.com/docker/buildx v0.37.1 0b265a9f62db554fa9aba6dd19e1bd5704bc7d8a
2026-10-03T18:05:25.4566312Z ##[endgroup]
2026-10-03T18:05:25.4723130Z ##[group]Inspecting default docker context
2026-10-03T18:05:25.4899328Z [
2026-10-03T18:05:25.4899949Z   {
2026-10-03T18:05:25.4900178Z     "Name": "default",
2026-10-03T18:05:25.4900422Z     "Metadata": {},
2026-10-03T18:05:25.4900687Z     "Endpoints": {
2026-10-03T18:05:25.4900982Z       "docker": {
2026-10-03T18:05:25.4901217Z         "Host": "unix:///var/run/docker.sock",
2026-10-03T18:05:25.4901520Z         "SkipTLSVerify": false
2026-10-03T18:05:25.4901770Z       }
2026-10-03T18:05:25.4901954Z     },
2026-10-03T18:05:25.4902155Z     "TLSMaterial": {},
2026-10-03T18:05:25.4902386Z     "Storage": {
2026-10-03T18:05:25.4902611Z       "MetadataPath": "<IN MEMORY>",
2026-10-03T18:05:25.4903012Z       "TLSPath": "<IN MEMORY>"
2026-10-03T18:05:25.4903274Z     }
2026-10-03T18:05:25.4903444Z   }
2026-10-03T18:05:25.4903611Z ]
2026-10-03T18:05:25.4904073Z ##[endgroup]
2026-10-03T18:05:25.4904446Z ##[group]Creating a new builder instance
2026-10-03T18:05:25.6092752Z [command]/usr/bin/docker buildx create --name builder-5f453d1b-ebab-4e9c-b908-196e8a6bd787 --driver docker-container --buildkitd-flags --allow-insecure-entitlement security.insecure --allow-insecure-entitlement network.host --use
2026-10-03T18:05:25.8881844Z builder-5f453d1b-ebab-4e9c-b908-196e8a6bd787
2026-10-03T18:05:25.8915883Z ##[endgroup]
2026-10-03T18:05:25.8916547Z ##[group]Booting builder
2026-10-03T18:05:25.8957914Z [command]/usr/bin/docker buildx inspect --bootstrap --builder builder-5f453d1b-ebab-4e9c-b908-196e8a6bd787
2026-10-03T18:05:25.9466555Z #1 [internal] booting buildkit
2026-10-03T18:05:26.0973771Z #1 pulling image moby/buildkit:buildx-stable-1
2026-10-03T18:05:28.3021827Z #1 pulling image moby/buildkit:buildx-stable-1 2.4s done
2026-10-03T18:05:28.4535571Z #1 creating container buildx_buildkit_builder-5f453d1b-ebab-4e9c-b908-196e8a6bd7870
2026-10-03T18:05:28.5898422Z #1 creating container buildx_buildkit_builder-5f453d1b-ebab-4e9c-b908-196e8a6bd7870 0.3s done
2026-10-03T18:05:28.6218537Z #1 DONE 2.6s
2026-10-03T18:05:28.6571406Z Name:          builder-5f453d1b-ebab-4e9c-b908-196e8a6bd787
2026-10-03T18:05:28.6575022Z Driver:        docker-container
2026-10-03T18:05:28.6575718Z Last Activity: 2026-10-03 18:05:25 +0000 UTC
2026-10-03T18:05:28.6576088Z 
2026-10-03T18:05:28.6576223Z Nodes:
2026-10-03T18:05:28.6576679Z Name:                  builder-5f453d1b-ebab-4e9c-b908-196e8a6bd7870
2026-10-03T18:05:28.6577198Z Endpoint:              unix:///var/run/docker.sock
2026-10-03T18:05:28.6577508Z Status:                running
2026-10-03T18:05:28.6578053Z BuildKit daemon flags: --allow-insecure-entitlement security.insecure --allow-insecure-entitlement network.host
2026-10-03T18:05:28.6578596Z BuildKit version:      v0.33.1
2026-10-03T18:05:28.6578960Z Platforms:             linux/amd64, linux/amd64/v2, linux/amd64/v3, linux/386
2026-10-03T18:05:28.6579323Z Labels:
2026-10-03T18:05:28.6579886Z  org.mobyproject.buildkit.worker.executor:         oci
2026-10-03T18:05:28.6580348Z  org.mobyproject.buildkit.worker.hostname:         a81d230481c6
2026-10-03T18:05:28.6580764Z  org.mobyproject.buildkit.worker.network:          host
2026-10-03T18:05:28.6581172Z  org.mobyproject.buildkit.worker.oci.process-mode: sandbox
2026-10-03T18:05:28.6581755Z  org.mobyproject.buildkit.worker.selinux.enabled:  false
2026-10-03T18:05:28.6582181Z  org.mobyproject.buildkit.worker.snapshotter:      overlayfs
2026-10-03T18:05:28.6582522Z GC Policy rule#0:
2026-10-03T18:05:28.6582729Z  All:            false
2026-10-03T18:05:28.6583072Z  Filters:        type==source.local type==exec.cachemount type==source.git.checkout
2026-10-03T18:05:28.6583485Z  Keep Duration:  48h0m0s
2026-10-03T18:05:28.6583715Z  Max Used Space: 488.3MiB
2026-10-03T18:05:28.6583944Z GC Policy rule#1:
2026-10-03T18:05:28.6584136Z  All:            false
2026-10-03T18:05:28.6584344Z  Keep Duration:  1440h0m0s
2026-10-03T18:05:28.6584572Z  Reserved Space: 9.313GiB
2026-10-03T18:05:28.6584796Z  Max Used Space: 93.13GiB
2026-10-03T18:05:28.6585017Z  Min Free Space: 27.01GiB
2026-10-03T18:05:28.6585226Z GC Policy rule#2:
2026-10-03T18:05:28.6585422Z  All:            false
2026-10-03T18:05:28.6585627Z  Reserved Space: 9.313GiB
2026-10-03T18:05:28.6585852Z  Max Used Space: 93.13GiB
2026-10-03T18:05:28.6586067Z  Min Free Space: 27.01GiB
2026-10-03T18:05:28.6586277Z GC Policy rule#3:
2026-10-03T18:05:28.6586468Z  All:            true
2026-10-03T18:05:28.6586675Z  Reserved Space: 9.313GiB
2026-10-03T18:05:28.6586894Z  Max Used Space: 93.13GiB
2026-10-03T18:05:28.6587111Z  Min Free Space: 27.01GiB
2026-10-03T18:05:28.6631628Z ##[endgroup]
2026-10-03T18:05:28.7549390Z ##[group]Inspect builder
2026-10-03T18:05:28.7551801Z {
2026-10-03T18:05:28.7551996Z   "nodes": [
2026-10-03T18:05:28.7552207Z     {
2026-10-03T18:05:28.7552565Z       "name": "builder-5f453d1b-ebab-4e9c-b908-196e8a6bd7870",
2026-10-03T18:05:28.7553206Z       "endpoint": "unix:///var/run/docker.sock",
2026-10-03T18:05:28.7553647Z       "status": "running",
2026-10-03T18:05:28.7554183Z       "buildkitd-flags": "--allow-insecure-entitlement security.insecure --allow-insecure-entitlement network.host",
2026-10-03T18:05:28.7554939Z       "buildkit": "v0.33.1",
2026-10-03T18:05:28.7555321Z       "platforms": "linux/amd64,linux/amd64/v2,linux/amd64/v3,linux/386",
2026-10-03T18:05:28.7555676Z       "features": {
2026-10-03T18:05:28.7556125Z         "Automatically load images to the Docker Engine image store": true,
2026-10-03T18:05:28.7556507Z         "Cache export": true,
2026-10-03T18:05:28.7556745Z         "Direct push": true,
2026-10-03T18:05:28.7556978Z         "Docker exporter": true,
2026-10-03T18:05:28.7557235Z         "Multi-platform build": true,
2026-10-03T18:05:28.7557491Z         "OCI exporter": true
2026-10-03T18:05:28.7558094Z       },
2026-10-03T18:05:28.7558277Z       "labels": {
2026-10-03T18:05:28.7558541Z         "org.mobyproject.buildkit.worker.executor": "oci",
2026-10-03T18:05:28.7558973Z         "org.mobyproject.buildkit.worker.hostname": "a81d230481c6",
2026-10-03T18:05:28.7559372Z         "org.mobyproject.buildkit.worker.network": "host",
2026-10-03T18:05:28.7560069Z         "org.mobyproject.buildkit.worker.oci.process-mode": "sandbox",
2026-10-03T18:05:28.7560820Z         "org.mobyproject.buildkit.worker.selinux.enabled": "false",
2026-10-03T18:05:28.7561276Z         "org.mobyproject.buildkit.worker.snapshotter": "overlayfs"
2026-10-03T18:05:28.7561640Z       },
2026-10-03T18:05:28.7561858Z       "gcPolicy": [
2026-10-03T18:05:28.7562170Z         {
2026-10-03T18:05:28.7562359Z           "all": false,
2026-10-03T18:05:28.7562569Z           "filter": [
2026-10-03T18:05:28.7562884Z             "type==source.local type==exec.cachemount type==source.git.checkout"
2026-10-03T18:05:28.7563277Z           ],
2026-10-03T18:05:28.7563482Z           "keepDuration": "48h0m0s",
2026-10-03T18:05:28.7563746Z           "maxUsedSpace": "488.3MiB"
2026-10-03T18:05:28.7563984Z         },
2026-10-03T18:05:28.7564157Z         {
2026-10-03T18:05:28.7564340Z           "all": false,
2026-10-03T18:05:28.7564587Z           "keepDuration": "1440h0m0s",
2026-10-03T18:05:28.7564871Z           "reservedSpace": "9.313GiB",
2026-10-03T18:05:28.7565151Z           "maxUsedSpace": "93.13GiB",
2026-10-03T18:05:28.7565432Z           "minFreeSpace": "27.01GiB"
2026-10-03T18:05:28.7565688Z         },
2026-10-03T18:05:28.7565860Z         {
2026-10-03T18:05:28.7566030Z           "all": false,
2026-10-03T18:05:28.7566252Z           "reservedSpace": "9.313GiB",
2026-10-03T18:05:28.7566500Z           "maxUsedSpace": "93.13GiB",
2026-10-03T18:05:28.7566786Z           "minFreeSpace": "27.01GiB"
2026-10-03T18:05:28.7567050Z         },
2026-10-03T18:05:28.7567233Z         {
2026-10-03T18:05:28.7567406Z           "all": true,
2026-10-03T18:05:28.7567639Z           "reservedSpace": "9.313GiB",
2026-10-03T18:05:28.7567932Z           "maxUsedSpace": "93.13GiB",
2026-10-03T18:05:28.7568201Z           "minFreeSpace": "27.01GiB"
2026-10-03T18:05:28.7568432Z         }
2026-10-03T18:05:28.7568598Z       ]
2026-10-03T18:05:28.7568784Z     }
2026-10-03T18:05:28.7568954Z   ],
2026-10-03T18:05:28.7569215Z   "name": "builder-5f453d1b-ebab-4e9c-b908-196e8a6bd787",
2026-10-03T18:05:28.7570239Z   "driver": "docker-container",
2026-10-03T18:05:28.7570581Z   "lastActivity": "2026-10-03T18:05:25.000Z"
2026-10-03T18:05:28.7570874Z }
2026-10-03T18:05:28.7571297Z ##[endgroup]
2026-10-03T18:05:28.7571666Z ##[group]BuildKit version
2026-10-03T18:05:28.7571974Z builder-5f453d1b-ebab-4e9c-b908-196e8a6bd7870: v0.33.1
2026-10-03T18:05:28.7572464Z ##[endgroup]
2026-10-03T18:05:28.7777853Z ##[group]Run docker/build-push-action@v6
2026-10-03T18:05:28.7778167Z with:
2026-10-03T18:05:28.7778383Z   context: agent-infra/aio-code
2026-10-03T18:05:28.7778652Z   file: agent-infra/aio-code/Dockerfile
2026-10-03T18:05:28.7778939Z   platforms: linux/amd64
2026-10-03T18:05:28.7779161Z   load: true
2026-10-03T18:05:28.7779354Z   push: false
2026-10-03T18:05:28.7779807Z   provenance: false
2026-10-03T18:05:28.7780208Z   tags: csi-test/agent-infra/aio-code:test
2026-10-03T18:05:28.7780614Z   cache-from: type=gha,scope=agent-infra/aio-code
2026-10-03T18:05:28.7780988Z   cache-to: type=gha,mode=max,scope=agent-infra/aio-code
2026-10-03T18:05:28.7781304Z   no-cache: false
2026-10-03T18:05:28.7781508Z   pull: false
2026-10-03T18:05:28.7783958Z   github-token: ***
2026-10-03T18:05:28.7784180Z ##[endgroup]
2026-10-03T18:05:29.0188497Z (node:2813) [DEP0040] DeprecationWarning: The `punycode` module is deprecated. Please use a userland alternative instead.
2026-10-03T18:05:29.0189460Z (Use `node --trace-deprecation ...` to show where the warning was created)
2026-10-03T18:05:29.0208511Z ##[group]GitHub Actions runtime token ACs
2026-10-03T18:05:29.0216665Z refs/heads/feat/aio-code: read/write
2026-10-03T18:05:29.0217169Z refs/heads/main: read
2026-10-03T18:05:29.0218222Z ##[endgroup]
2026-10-03T18:05:29.0218634Z ##[group]Docker info
2026-10-03T18:05:29.0260340Z [command]/usr/bin/docker version
2026-10-03T18:05:29.0472662Z Client: Docker Engine - Community
2026-10-03T18:05:29.0475658Z  Version:           28.0.4
2026-10-03T18:05:29.0481425Z  API version:       1.48
2026-10-03T18:05:29.0482124Z  Go version:        go1.23.7
2026-10-03T18:05:29.0482569Z  Git commit:        b8034c0
2026-10-03T18:05:29.0483005Z  Built:             Tue Mar 25 15:07:16 2025
2026-10-03T18:05:29.0483506Z  OS/Arch:           linux/amd64
2026-10-03T18:05:29.0483962Z  Context:           default
2026-10-03T18:05:29.0484254Z 
2026-10-03T18:05:29.0484446Z Server: Docker Engine - Community
2026-10-03T18:05:29.0484934Z  Engine:
2026-10-03T18:05:29.0485322Z   Version:          28.0.4
2026-10-03T18:05:29.0485785Z   API version:      1.48 (minimum version 1.24)
2026-10-03T18:05:29.0486334Z   Go version:       go1.23.7
2026-10-03T18:05:29.0486796Z   Git commit:       6430e49
2026-10-03T18:05:29.0487276Z   Built:            Tue Mar 25 15:07:16 2025
2026-10-03T18:05:29.0487836Z   OS/Arch:          linux/amd64
2026-10-03T18:05:29.0488268Z   Experimental:     false
2026-10-03T18:05:29.0488712Z  containerd:
2026-10-03T18:05:29.0516214Z   Version:          v2.3.6
2026-10-03T18:05:29.0516754Z   GitCommit:        ee2735368117d2eb259779949d5e75cdafec9761
2026-10-03T18:05:29.0517260Z  runc:
2026-10-03T18:05:29.0517557Z   Version:          1.5.1
2026-10-03T18:05:29.0517928Z   GitCommit:        v1.5.1-0-g8f2685a4
2026-10-03T18:05:29.0518343Z  docker-init:
2026-10-03T18:05:29.0518659Z   Version:          0.19.0
2026-10-03T18:05:29.0519022Z   GitCommit:        de40ad0
2026-10-03T18:05:29.0536700Z [command]/usr/bin/docker info
2026-10-03T18:05:29.1041366Z Client: Docker Engine - Community
2026-10-03T18:05:29.1046145Z  Version:    28.0.4
2026-10-03T18:05:29.1047166Z  Context:    default
2026-10-03T18:05:29.1048231Z  Debug Mode: false
2026-10-03T18:05:29.1048853Z  Plugins:
2026-10-03T18:05:29.1049253Z   buildx: Docker Buildx (Docker Inc.)
2026-10-03T18:05:29.1049924Z     Version:  v0.37.1
2026-10-03T18:05:29.1050386Z     Path:     /usr/libexec/docker/cli-plugins/docker-buildx
2026-10-03T18:05:29.1050941Z   compose: Docker Compose (Docker Inc.)
2026-10-03T18:05:29.1051382Z     Version:  v2.38.2
2026-10-03T18:05:29.1051824Z     Path:     /usr/libexec/docker/cli-plugins/docker-compose
2026-10-03T18:05:29.1052208Z 
2026-10-03T18:05:29.1052330Z Server:
2026-10-03T18:05:29.1052613Z  Containers: 1
2026-10-03T18:05:29.1052940Z   Running: 1
2026-10-03T18:05:29.1053258Z   Paused: 0
2026-10-03T18:05:29.1053568Z   Stopped: 0
2026-10-03T18:05:29.1053900Z  Images: 7
2026-10-03T18:05:29.1054217Z  Server Version: 28.0.4
2026-10-03T18:05:29.1055034Z  Storage Driver: overlay2
2026-10-03T18:05:29.1055453Z   Backing Filesystem: extfs
2026-10-03T18:05:29.1055847Z   Supports d_type: true
2026-10-03T18:05:29.1056209Z   Using metacopy: false
2026-10-03T18:05:29.1056573Z   Native Overlay Diff: false
2026-10-03T18:05:29.1056953Z   userxattr: false
2026-10-03T18:05:29.1057341Z  Logging Driver: json-file
2026-10-03T18:05:29.1057712Z  Cgroup Driver: systemd
2026-10-03T18:05:29.1058053Z  Cgroup Version: 2
2026-10-03T18:05:29.1058367Z  Plugins:
2026-10-03T18:05:29.1058653Z   Volume: local
2026-10-03T18:05:29.1059130Z   Network: bridge host ipvlan macvlan null overlay
2026-10-03T18:05:29.1060957Z   Log: awslogs fluentd gcplogs gelf journald json-file local splunk syslog
2026-10-03T18:05:29.1061905Z  Swarm: inactive
2026-10-03T18:05:29.1062735Z  Runtimes: io.containerd.runc.v2 runc
2026-10-03T18:05:29.1063390Z  Default Runtime: runc
2026-10-03T18:05:29.1064236Z  Init Binary: docker-init
2026-10-03T18:05:29.1064941Z  containerd version: ee2735368117d2eb259779949d5e75cdafec9761
2026-10-03T18:05:29.1065701Z  runc version: v1.5.1-0-g8f2685a4
2026-10-03T18:05:29.1066187Z  init version: de40ad0
2026-10-03T18:05:29.1066533Z  Security Options:
2026-10-03T18:05:29.1066849Z   apparmor
2026-10-03T18:05:29.1067129Z   seccomp
2026-10-03T18:05:29.1067649Z    Profile: builtin
2026-10-03T18:05:29.1067969Z   cgroupns
2026-10-03T18:05:29.1068274Z  Kernel Version: 6.17.0-1022-azure
2026-10-03T18:05:29.1068741Z  Operating System: Ubuntu 24.04.5 LTS
2026-10-03T18:05:29.1069190Z  OSType: linux
2026-10-03T18:05:29.1069534Z  Architecture: x86_64
2026-10-03T18:05:29.1070086Z  CPUs: 4
2026-10-03T18:05:29.1070406Z  Total Memory: 15.61GiB
2026-10-03T18:05:29.1070777Z  Name: runnervm8df0l
2026-10-03T18:05:29.1071153Z  ID: 96bc9d58-7015-4b4a-8357-8e592f0b19b5
2026-10-03T18:05:29.1071601Z  Docker Root Dir: /var/lib/docker
2026-10-03T18:05:29.1072029Z  Debug Mode: false
2026-10-03T18:05:29.1072359Z  Username: githubactions
2026-10-03T18:05:29.1072719Z  Experimental: false
2026-10-03T18:05:29.1073056Z  Insecure Registries:
2026-10-03T18:05:29.1073443Z   ::1/128
2026-10-03T18:05:29.1073718Z   127.0.0.0/8
2026-10-03T18:05:29.1074030Z  Live Restore Enabled: false
2026-10-03T18:05:29.1074282Z 
2026-10-03T18:05:29.1074790Z ##[endgroup]
2026-10-03T18:05:29.1075397Z ##[group]Proxy configuration
2026-10-03T18:05:29.1075828Z No proxy configuration found
2026-10-03T18:05:29.1076460Z ##[endgroup]
2026-10-03T18:05:29.1712248Z ##[group]Buildx version
2026-10-03T18:05:29.1743076Z [command]/usr/bin/docker buildx version
2026-10-03T18:05:29.2251449Z github.com/docker/buildx v0.37.1 0b265a9f62db554fa9aba6dd19e1bd5704bc7d8a
2026-10-03T18:05:29.2280243Z ##[endgroup]
2026-10-03T18:05:29.2280866Z ##[group]Builder info
2026-10-03T18:05:29.3173091Z {
2026-10-03T18:05:29.3173488Z   "nodes": [
2026-10-03T18:05:29.3173794Z     {
2026-10-03T18:05:29.3174096Z       "name": "builder-5f453d1b-ebab-4e9c-b908-196e8a6bd7870",
2026-10-03T18:05:29.3174508Z       "endpoint": "unix:///var/run/docker.sock",
2026-10-03T18:05:29.3174824Z       "status": "running",
2026-10-03T18:05:29.3175405Z       "buildkitd-flags": "--allow-insecure-entitlement security.insecure --allow-insecure-entitlement network.host",
2026-10-03T18:05:29.3175954Z       "buildkit": "v0.33.1",
2026-10-03T18:05:29.3176287Z       "platforms": "linux/amd64,linux/amd64/v2,linux/amd64/v3,linux/386",
2026-10-03T18:05:29.3176661Z       "features": {
2026-10-03T18:05:29.3176972Z         "Automatically load images to the Docker Engine image store": true,
2026-10-03T18:05:29.3177352Z         "Cache export": true,
2026-10-03T18:05:29.3177600Z         "Direct push": true,
2026-10-03T18:05:29.3177846Z         "Docker exporter": true,
2026-10-03T18:05:29.3178109Z         "Multi-platform build": true,
2026-10-03T18:05:29.3178403Z         "OCI exporter": true
2026-10-03T18:05:29.3178622Z       },
2026-10-03T18:05:29.3178812Z       "labels": {
2026-10-03T18:05:29.3179094Z         "org.mobyproject.buildkit.worker.executor": "oci",
2026-10-03T18:05:29.3179981Z         "org.mobyproject.buildkit.worker.hostname": "a81d230481c6",
2026-10-03T18:05:29.3180458Z         "org.mobyproject.buildkit.worker.network": "host",
2026-10-03T18:05:29.3180929Z         "org.mobyproject.buildkit.worker.oci.process-mode": "sandbox",
2026-10-03T18:05:29.3181397Z         "org.mobyproject.buildkit.worker.selinux.enabled": "false",
2026-10-03T18:05:29.3181840Z         "org.mobyproject.buildkit.worker.snapshotter": "overlayfs"
2026-10-03T18:05:29.3182172Z       },
2026-10-03T18:05:29.3182348Z       "gcPolicy": [
2026-10-03T18:05:29.3182537Z         {
2026-10-03T18:05:29.3182714Z           "all": false,
2026-10-03T18:05:29.3182916Z           "filter": [
2026-10-03T18:05:29.3183238Z             "type==source.local type==exec.cachemount type==source.git.checkout"
2026-10-03T18:05:29.3183599Z           ],
2026-10-03T18:05:29.3183797Z           "keepDuration": "48h0m0s",
2026-10-03T18:05:29.3184050Z           "maxUsedSpace": "488.3MiB"
2026-10-03T18:05:29.3184279Z         },
2026-10-03T18:05:29.3184450Z         {
2026-10-03T18:05:29.3184630Z           "all": false,
2026-10-03T18:05:29.3184849Z           "keepDuration": "1440h0m0s",
2026-10-03T18:05:29.3185111Z           "reservedSpace": "9.313GiB",
2026-10-03T18:05:29.3185362Z           "maxUsedSpace": "93.13GiB",
2026-10-03T18:05:29.3185627Z           "minFreeSpace": "27.01GiB"
2026-10-03T18:05:29.3186040Z         },
2026-10-03T18:05:29.3186212Z         {
2026-10-03T18:05:29.3186383Z           "all": false,
2026-10-03T18:05:29.3186596Z           "reservedSpace": "9.313GiB",
2026-10-03T18:05:29.3186846Z           "maxUsedSpace": "93.13GiB",
2026-10-03T18:05:29.3187091Z           "minFreeSpace": "27.01GiB"
2026-10-03T18:05:29.3187337Z         },
2026-10-03T18:05:29.3187503Z         {
2026-10-03T18:05:29.3187674Z           "all": true,
2026-10-03T18:05:29.3187886Z           "reservedSpace": "9.313GiB",
2026-10-03T18:05:29.3188152Z           "maxUsedSpace": "93.13GiB",
2026-10-03T18:05:29.3188399Z           "minFreeSpace": "27.01GiB"
2026-10-03T18:05:29.3188633Z         }
2026-10-03T18:05:29.3188798Z       ]
2026-10-03T18:05:29.3188967Z     }
2026-10-03T18:05:29.3189130Z   ],
2026-10-03T18:05:29.3189383Z   "name": "builder-5f453d1b-ebab-4e9c-b908-196e8a6bd787",
2026-10-03T18:05:29.3190076Z   "driver": "docker-container",
2026-10-03T18:05:29.3190408Z   "lastActivity": "2026-10-03T18:05:25.000Z"
2026-10-03T18:05:29.3190699Z }
2026-10-03T18:05:29.3191194Z ##[endgroup]
2026-10-03T18:05:29.3821031Z [command]/usr/bin/docker buildx build --cache-from type=gha,scope=agent-infra/aio-code --cache-to type=gha,mode=max,scope=agent-infra/aio-code --file agent-infra/aio-code/Dockerfile --iidfile /home/runner/work/_temp/docker-actions-toolkit-8671dv/build-iidfile-4310b5e134.txt --platform linux/amd64 --attest type=provenance,disabled=true --tag csi-test/agent-infra/aio-code:test --load --metadata-file /home/runner/work/_temp/docker-actions-toolkit-8671dv/build-metadata-dc800ec1b4.json agent-infra/aio-code
2026-10-03T18:05:29.7555727Z #0 building with "builder-5f453d1b-ebab-4e9c-b908-196e8a6bd787" instance using docker-container driver
2026-10-03T18:05:29.7556467Z 
2026-10-03T18:05:29.7556677Z #1 [internal] load build definition from Dockerfile
2026-10-03T18:05:29.7557047Z #1 transferring dockerfile: 5.38kB done
2026-10-03T18:05:29.7557323Z #1 DONE 0.0s
2026-10-03T18:05:29.7557462Z 
2026-10-03T18:05:29.7557636Z #2 [auth] docker/dockerfile:pull token for registry-1.docker.io
2026-10-03T18:05:29.7557992Z #2 DONE 0.0s
2026-10-03T18:05:29.7558112Z 
2026-10-03T18:05:29.7558360Z #3 resolve image config for docker-image://docker.io/docker/dockerfile:1.7
2026-10-03T18:05:29.9694552Z #3 DONE 0.4s
2026-10-03T18:05:30.1543781Z 
2026-10-03T18:05:30.1544767Z #4 docker-image://docker.io/docker/dockerfile:1.7@sha256:a57df69d0ea827fb7266491f2813635de6f17269be881f696fbfdf2d83dda33e
2026-10-03T18:05:30.1546249Z #4 resolve docker.io/docker/dockerfile:1.7@sha256:a57df69d0ea827fb7266491f2813635de6f17269be881f696fbfdf2d83dda33e done
2026-10-03T18:05:30.1547497Z #4 sha256:96918c57e42509b97f10c074d80672ecdbd3bb7dcd38c1bd95960cf291207416 11.98MB / 11.98MB 0.1s done
2026-10-03T18:05:30.1548214Z #4 extracting sha256:96918c57e42509b97f10c074d80672ecdbd3bb7dcd38c1bd95960cf291207416 0.1s done
2026-10-03T18:05:30.1548979Z #4 DONE 0.2s
2026-10-03T18:05:30.3690862Z 
2026-10-03T18:05:30.3691547Z #5 [internal] load metadata for cube-sandbox-cn.tencentcloudcr.com/cube-sandbox/sandbox-code:latest
2026-10-03T18:05:35.1018851Z #5 DONE 4.9s
2026-10-03T18:05:35.2096204Z 
2026-10-03T18:05:35.2098620Z #6 [internal] load .dockerignore
2026-10-03T18:05:35.2099284Z #6 transferring context: 2B done
2026-10-03T18:05:35.2100224Z #6 DONE 0.0s
2026-10-03T18:05:35.2100399Z 
2026-10-03T18:05:35.2100517Z #7 [internal] load build context
2026-10-03T18:05:35.2101000Z #7 DONE 0.0s
2026-10-03T18:05:35.2101200Z 
2026-10-03T18:05:35.2101810Z #8 [1/7] FROM cube-sandbox-cn.tencentcloudcr.com/cube-sandbox/sandbox-code:latest@sha256:743d264fad8c9dc9a49f07e931166d24d025363360ae770ca4b70e3f19540944
2026-10-03T18:05:35.2103278Z #8 resolve cube-sandbox-cn.tencentcloudcr.com/cube-sandbox/sandbox-code:latest@sha256:743d264fad8c9dc9a49f07e931166d24d025363360ae770ca4b70e3f19540944 done
2026-10-03T18:05:35.2104038Z #8 DONE 0.0s
2026-10-03T18:05:35.2104241Z 
2026-10-03T18:05:35.2104445Z #9 importing cache manifest from gha:7933790021129672284
2026-10-03T18:05:35.2105055Z #9 DONE 0.1s
2026-10-03T18:05:35.2105175Z 
2026-10-03T18:05:35.2105705Z #10 [3/7] ADD https://aio-static.tos-cn-beijing.volces.com/v0.9.2/linux-x86_64/aiod /usr/local/bin/aiod
2026-10-03T18:05:36.3959025Z #10 ...
2026-10-03T18:05:36.3959300Z 
2026-10-03T18:05:36.3960210Z #11 [2/7] ADD https://aio-static.tos-cn-beijing.volces.com/v0.9.2/linux-x86_64/SHA256SUMS /tmp/aiod-SHA256SUMS
2026-10-03T18:05:36.3961124Z #11 DONE 1.3s
2026-10-03T18:05:36.5056840Z 
2026-10-03T18:05:36.5058196Z #7 [internal] load build context
2026-10-03T18:05:36.5058555Z #7 transferring context: 1.15kB done
2026-10-03T18:05:36.5058999Z #7 DONE 0.0s
2026-10-03T18:05:36.5059216Z 
2026-10-03T18:05:36.5060130Z #8 [1/7] FROM cube-sandbox-cn.tencentcloudcr.com/cube-sandbox/sandbox-code:latest@sha256:743d264fad8c9dc9a49f07e931166d24d025363360ae770ca4b70e3f19540944
2026-10-03T18:05:36.5061794Z #8 sha256:4f4fb700ef54461cfa02571ae0db9a0dc1e0cdb5577484a6d75e68dc38e8acc1 32B / 32B 0.7s done
2026-10-03T18:05:36.5062617Z #8 sha256:9d94db7129e23c7688484d130863f027572c91eafbda3e1772ece619f7c8c7e6 673B / 673B 1.1s done
2026-10-03T18:05:36.5063385Z #8 sha256:17777b5f9216a3dc99daeb5d0d55932b25f3f664bf40add5d7341618db7052be 0B / 668B 1.2s
2026-10-03T18:05:36.5064144Z #8 sha256:fc89d37c1bf2aeab07f5df3093d989c0cbfe69cc945673683c5e569c886c42a6 0B / 4.14kB 1.2s
2026-10-03T18:05:36.5064905Z #8 sha256:df1bed159c406e9cc498e6241f6f8c558012932d80c914be0452f882238cd732 0B / 33.74MB 0.5s
2026-10-03T18:05:36.5065657Z #8 sha256:fc6932c2e847069d3152ccff7c994a9cd5175bd0a1ac08082d4241dbf530388b 0B / 7.93MB 0.2s
2026-10-03T18:05:36.8061265Z #8 sha256:17777b5f9216a3dc99daeb5d0d55932b25f3f664bf40add5d7341618db7052be 668B / 668B 1.4s done
2026-10-03T18:05:36.9558394Z #8 sha256:5cc4a07ace156b7bdabc323167882e1ab5cb8c3d92bd49aac26c51ab4c3ad6e6 0B / 22.11MB 0.2s
2026-10-03T18:05:38.7562457Z #8 sha256:df1bed159c406e9cc498e6241f6f8c558012932d80c914be0452f882238cd732 2.10MB / 33.74MB 2.7s
2026-10-03T18:05:38.7563618Z #8 sha256:fc6932c2e847069d3152ccff7c994a9cd5175bd0a1ac08082d4241dbf530388b 1.05MB / 7.93MB 2.4s
2026-10-03T18:05:38.8781688Z #8 sha256:fc89d37c1bf2aeab07f5df3093d989c0cbfe69cc945673683c5e569c886c42a6 4.14kB / 4.14kB 3.6s done
2026-10-03T18:05:39.0278857Z #8 sha256:15155ecba1d2995bdddf42e6eb67ef7a36eca6af3cbcb123114a6bb8da48ed03 0B / 250B 0.2s
2026-10-03T18:05:39.1780137Z #8 sha256:df1bed159c406e9cc498e6241f6f8c558012932d80c914be0452f882238cd732 4.19MB / 33.74MB 3.2s
2026-10-03T18:05:39.1782910Z #8 sha256:fc6932c2e847069d3152ccff7c994a9cd5175bd0a1ac08082d4241dbf530388b 2.10MB / 7.93MB 2.7s
2026-10-03T18:05:39.3279809Z #8 sha256:df1bed159c406e9cc498e6241f6f8c558012932d80c914be0452f882238cd732 6.29MB / 33.74MB 3.3s
2026-10-03T18:05:39.4780584Z #8 sha256:fc6932c2e847069d3152ccff7c994a9cd5175bd0a1ac08082d4241dbf530388b 3.15MB / 7.93MB 3.0s
2026-10-03T18:05:39.6249036Z #8 sha256:df1bed159c406e9cc498e6241f6f8c558012932d80c914be0452f882238cd732 9.44MB / 33.74MB 3.6s
2026-10-03T18:05:39.6251186Z #8 sha256:fc6932c2e847069d3152ccff7c994a9cd5175bd0a1ac08082d4241dbf530388b 4.19MB / 7.93MB 3.2s
2026-10-03T18:05:39.6253258Z #8 sha256:5cc4a07ace156b7bdabc323167882e1ab5cb8c3d92bd49aac26c51ab4c3ad6e6 2.10MB / 22.11MB 2.9s
2026-10-03T18:05:39.6254574Z #8 sha256:15155ecba1d2995bdddf42e6eb67ef7a36eca6af3cbcb123114a6bb8da48ed03 250B / 250B 0.7s done
2026-10-03T18:05:39.7750729Z #8 sha256:df1bed159c406e9cc498e6241f6f8c558012932d80c914be0452f882238cd732 12.58MB / 33.74MB 3.8s
2026-10-03T18:05:39.7752132Z #8 sha256:fc6932c2e847069d3152ccff7c994a9cd5175bd0a1ac08082d4241dbf530388b 5.24MB / 7.93MB 3.3s
2026-10-03T18:05:39.7752959Z #8 sha256:322e9e97e47bc6b483f6658a018d5b1fbcac626debcc96684ef4311d2393b5c8 0B / 13.67MB 0.2s
2026-10-03T18:05:39.9248109Z #8 sha256:df1bed159c406e9cc498e6241f6f8c558012932d80c914be0452f882238cd732 14.68MB / 33.74MB 3.9s
2026-10-03T18:05:39.9249296Z #8 sha256:fc6932c2e847069d3152ccff7c994a9cd5175bd0a1ac08082d4241dbf530388b 7.93MB / 7.93MB 3.5s done
2026-10-03T18:05:40.0757430Z #8 sha256:df1bed159c406e9cc498e6241f6f8c558012932d80c914be0452f882238cd732 18.87MB / 33.74MB 4.1s
2026-10-03T18:05:40.0759098Z #8 sha256:5cc4a07ace156b7bdabc323167882e1ab5cb8c3d92bd49aac26c51ab4c3ad6e6 4.19MB / 22.11MB 3.3s
2026-10-03T18:05:40.0760608Z #8 sha256:f59651dbc0ea4d34347e36637f7143de9a2a05badade5b0bee87893c38ad739f 0B / 3.52MB 0.2s
2026-10-03T18:05:40.2247639Z #8 sha256:df1bed159c406e9cc498e6241f6f8c558012932d80c914be0452f882238cd732 27.26MB / 33.74MB 4.2s
2026-10-03T18:05:40.3747421Z #8 sha256:df1bed159c406e9cc498e6241f6f8c558012932d80c914be0452f882238cd732 33.74MB / 33.74MB 4.4s done
2026-10-03T18:05:40.3748271Z #8 sha256:5cc4a07ace156b7bdabc323167882e1ab5cb8c3d92bd49aac26c51ab4c3ad6e6 6.29MB / 22.11MB 3.6s
2026-10-03T18:05:40.5251623Z #8 sha256:5cc4a07ace156b7bdabc323167882e1ab5cb8c3d92bd49aac26c51ab4c3ad6e6 8.39MB / 22.11MB 3.8s
2026-10-03T18:05:40.5252389Z #8 sha256:322e9e97e47bc6b483f6658a018d5b1fbcac626debcc96684ef4311d2393b5c8 3.15MB / 13.67MB 0.9s
2026-10-03T18:05:40.5253047Z #8 sha256:81c0abc7bb04b148bea08d2bc91b7dc33b7b2305c607ca979c302baa3e4a4fc5 0B / 29.14MB 0.2s
2026-10-03T18:05:40.6749810Z #8 sha256:5cc4a07ace156b7bdabc323167882e1ab5cb8c3d92bd49aac26c51ab4c3ad6e6 11.53MB / 22.11MB 3.9s
2026-10-03T18:05:40.6750828Z #8 sha256:322e9e97e47bc6b483f6658a018d5b1fbcac626debcc96684ef4311d2393b5c8 4.19MB / 13.67MB 1.1s
2026-10-03T18:05:40.8247554Z #8 sha256:5cc4a07ace156b7bdabc323167882e1ab5cb8c3d92bd49aac26c51ab4c3ad6e6 13.63MB / 22.11MB 4.1s
2026-10-03T18:05:40.8248543Z #8 sha256:322e9e97e47bc6b483f6658a018d5b1fbcac626debcc96684ef4311d2393b5c8 7.34MB / 13.67MB 1.2s
2026-10-03T18:05:40.9753295Z #8 sha256:5cc4a07ace156b7bdabc323167882e1ab5cb8c3d92bd49aac26c51ab4c3ad6e6 18.87MB / 22.11MB 4.2s
2026-10-03T18:05:40.9754266Z #8 sha256:322e9e97e47bc6b483f6658a018d5b1fbcac626debcc96684ef4311d2393b5c8 12.58MB / 13.67MB 1.4s
2026-10-03T18:05:41.2187206Z #8 sha256:5cc4a07ace156b7bdabc323167882e1ab5cb8c3d92bd49aac26c51ab4c3ad6e6 22.11MB / 22.11MB 4.3s done
2026-10-03T18:05:41.2188357Z #8 sha256:322e9e97e47bc6b483f6658a018d5b1fbcac626debcc96684ef4311d2393b5c8 13.67MB / 13.67MB 1.4s done
2026-10-03T18:05:41.3684239Z #8 ...
2026-10-03T18:05:41.3684840Z 
2026-10-03T18:05:41.3685937Z #10 [3/7] ADD https://aio-static.tos-cn-beijing.volces.com/v0.9.2/linux-x86_64/aiod /usr/local/bin/aiod
2026-10-03T18:05:41.3686820Z #10 DONE 6.1s
2026-10-03T18:05:41.3686960Z 
2026-10-03T18:05:41.3687562Z #8 [1/7] FROM cube-sandbox-cn.tencentcloudcr.com/cube-sandbox/sandbox-code:latest@sha256:743d264fad8c9dc9a49f07e931166d24d025363360ae770ca4b70e3f19540944
2026-10-03T18:05:41.5182310Z #8 sha256:81c0abc7bb04b148bea08d2bc91b7dc33b7b2305c607ca979c302baa3e4a4fc5 7.34MB / 29.14MB 0.9s
2026-10-03T18:05:41.5183637Z #8 sha256:81c0abc7bb04b148bea08d2bc91b7dc33b7b2305c607ca979c302baa3e4a4fc5 15.73MB / 29.14MB 1.1s
2026-10-03T18:05:41.6684977Z #8 sha256:81c0abc7bb04b148bea08d2bc91b7dc33b7b2305c607ca979c302baa3e4a4fc5 29.14MB / 29.14MB 1.2s done
2026-10-03T18:05:41.6687349Z #8 extracting sha256:81c0abc7bb04b148bea08d2bc91b7dc33b7b2305c607ca979c302baa3e4a4fc5
2026-10-03T18:05:41.9687738Z #8 sha256:f59651dbc0ea4d34347e36637f7143de9a2a05badade5b0bee87893c38ad739f 1.05MB / 3.52MB 2.1s
2026-10-03T18:05:42.2686071Z #8 sha256:f59651dbc0ea4d34347e36637f7143de9a2a05badade5b0bee87893c38ad739f 2.10MB / 3.52MB 2.4s
2026-10-03T18:05:42.4187863Z #8 sha256:f59651dbc0ea4d34347e36637f7143de9a2a05badade5b0bee87893c38ad739f 3.15MB / 3.52MB 2.6s
2026-10-03T18:05:42.4188994Z #8 extracting sha256:81c0abc7bb04b148bea08d2bc91b7dc33b7b2305c607ca979c302baa3e4a4fc5 0.7s done
2026-10-03T18:05:42.5307869Z #8 sha256:f59651dbc0ea4d34347e36637f7143de9a2a05badade5b0bee87893c38ad739f 3.52MB / 3.52MB 2.7s done
2026-10-03T18:05:42.6317014Z #8 extracting sha256:f59651dbc0ea4d34347e36637f7143de9a2a05badade5b0bee87893c38ad739f 0.1s done
2026-10-03T18:05:42.6317751Z #8 DONE 7.4s
2026-10-03T18:05:42.7822826Z 
2026-10-03T18:05:42.7823906Z #8 [1/7] FROM cube-sandbox-cn.tencentcloudcr.com/cube-sandbox/sandbox-code:latest@sha256:743d264fad8c9dc9a49f07e931166d24d025363360ae770ca4b70e3f19540944
2026-10-03T18:05:42.7824802Z #8 extracting sha256:322e9e97e47bc6b483f6658a018d5b1fbcac626debcc96684ef4311d2393b5c8
2026-10-03T18:05:43.0086388Z #8 extracting sha256:322e9e97e47bc6b483f6658a018d5b1fbcac626debcc96684ef4311d2393b5c8 0.4s done
2026-10-03T18:05:43.0087160Z #8 DONE 7.8s
2026-10-03T18:05:43.1636647Z 
2026-10-03T18:05:43.1637809Z #8 [1/7] FROM cube-sandbox-cn.tencentcloudcr.com/cube-sandbox/sandbox-code:latest@sha256:743d264fad8c9dc9a49f07e931166d24d025363360ae770ca4b70e3f19540944
2026-10-03T18:05:43.1639002Z #8 extracting sha256:15155ecba1d2995bdddf42e6eb67ef7a36eca6af3cbcb123114a6bb8da48ed03 done
2026-10-03T18:05:43.1640332Z #8 extracting sha256:5cc4a07ace156b7bdabc323167882e1ab5cb8c3d92bd49aac26c51ab4c3ad6e6
2026-10-03T18:05:43.2577223Z #8 extracting sha256:5cc4a07ace156b7bdabc323167882e1ab5cb8c3d92bd49aac26c51ab4c3ad6e6 0.2s done
2026-10-03T18:05:43.2578354Z #8 DONE 8.0s
2026-10-03T18:05:43.4721781Z 
2026-10-03T18:05:43.4722857Z #8 [1/7] FROM cube-sandbox-cn.tencentcloudcr.com/cube-sandbox/sandbox-code:latest@sha256:743d264fad8c9dc9a49f07e931166d24d025363360ae770ca4b70e3f19540944
2026-10-03T18:05:43.4724516Z #8 extracting sha256:fc6932c2e847069d3152ccff7c994a9cd5175bd0a1ac08082d4241dbf530388b 0.1s done
2026-10-03T18:05:43.4725748Z #8 extracting sha256:df1bed159c406e9cc498e6241f6f8c558012932d80c914be0452f882238cd732
2026-10-03T18:05:45.7741874Z #8 extracting sha256:df1bed159c406e9cc498e6241f6f8c558012932d80c914be0452f882238cd732 2.5s done
2026-10-03T18:05:45.7742787Z #8 DONE 10.6s
2026-10-03T18:05:45.9421476Z 
2026-10-03T18:05:45.9422654Z #8 [1/7] FROM cube-sandbox-cn.tencentcloudcr.com/cube-sandbox/sandbox-code:latest@sha256:743d264fad8c9dc9a49f07e931166d24d025363360ae770ca4b70e3f19540944
2026-10-03T18:05:45.9423606Z #8 extracting sha256:fc89d37c1bf2aeab07f5df3093d989c0cbfe69cc945673683c5e569c886c42a6 done
2026-10-03T18:05:45.9424302Z #8 extracting sha256:9d94db7129e23c7688484d130863f027572c91eafbda3e1772ece619f7c8c7e6 done
2026-10-03T18:05:45.9424945Z #8 extracting sha256:17777b5f9216a3dc99daeb5d0d55932b25f3f664bf40add5d7341618db7052be done
2026-10-03T18:05:45.9425589Z #8 extracting sha256:4f4fb700ef54461cfa02571ae0db9a0dc1e0cdb5577484a6d75e68dc38e8acc1 done
2026-10-03T18:05:45.9426061Z #8 DONE 10.6s
2026-10-03T18:05:45.9426183Z 
2026-10-03T18:05:45.9426552Z #12 [2/7] ADD https://aio-static.tos-cn-beijing.volces.com/v0.9.2/linux-x86_64/SHA256SUMS /tmp/aiod-SHA256SUMS
2026-10-03T18:05:46.4855502Z #12 DONE 0.7s
2026-10-03T18:05:46.5870560Z 
2026-10-03T18:05:46.5872079Z #13 [3/7] ADD https://aio-static.tos-cn-beijing.volces.com/v0.9.2/linux-x86_64/aiod /usr/local/bin/aiod
2026-10-03T18:05:46.5872652Z #13 DONE 0.1s
2026-10-03T18:05:46.5872849Z 
2026-10-03T18:05:46.5874919Z #14 [4/7] RUN set -eux;     chmod +x /usr/local/bin/aiod;     grep -E '[[:space:]]aiod$' /tmp/aiod-SHA256SUMS | (cd /usr/local/bin && sha256sum -c -);     /usr/local/bin/aiod version;     rm -f /tmp/aiod-SHA256SUMS
2026-10-03T18:05:46.5876153Z #14 0.050 + chmod +x /usr/local/bin/aiod
2026-10-03T18:05:46.7279514Z #14 0.063 + grep -E [[:space:]]aiod$ /tmp/aiod-SHA256SUMS
2026-10-03T18:05:46.7281044Z #14 0.063 + cd /usr/local/bin
2026-10-03T18:05:46.7281847Z #14 0.063 + sha256sum -c -
2026-10-03T18:05:46.7282224Z #14 0.131 aiod: OK
2026-10-03T18:05:46.7282539Z #14 0.131 + /usr/local/bin/aiod version
2026-10-03T18:05:46.7283567Z #14 0.133 {"timestamp":"2026-10-03T18:05:46.669228Z","level":"INFO","fields":{"message":"otlp trace export enabled","endpoint":"unix:///dev/otel-grpc.sock","protocol":"grpc","service_name":"aiod"},"target":"app.telemetry"}
2026-10-03T18:05:46.7284574Z #14 0.133 aio-daemon 0.9.2+51c1e169d797
2026-10-03T18:05:46.7284858Z #14 0.134 + rm -f /tmp/aiod-SHA256SUMS
2026-10-03T18:05:46.7285284Z #14 DONE 0.1s
2026-10-03T18:05:46.7285496Z 
2026-10-03T18:05:46.7286862Z #15 [5/7] RUN set -eux;     apt-get update;     DEBIAN_FRONTEND=noninteractive apt-get install -y --no-install-recommends         ca-certificates curl git jq procps ripgrep tmux tini vim-tiny nodejs;     rm -rf /var/lib/apt/lists/*;     git --version; jq --version; rg --version | head -1; node --version; tini --version
2026-10-03T18:05:46.7288259Z #15 0.049 + apt-get update
2026-10-03T18:05:46.8696425Z #15 0.077 Get:1 http://deb.debian.org/debian bookworm InRelease [151 kB]
2026-10-03T18:05:46.8697545Z #15 0.086 Get:2 http://deb.debian.org/debian bookworm-updates InRelease [55.4 kB]
2026-10-03T18:05:46.8698599Z #15 0.086 Get:3 http://deb.debian.org/debian-security bookworm-security InRelease [34.8 kB]
2026-10-03T18:05:46.8700181Z #15 0.140 Get:4 http://deb.debian.org/debian bookworm/main amd64 Packages [8790 kB]
2026-10-03T18:05:46.8701380Z #15 0.191 Get:5 http://deb.debian.org/debian bookworm-updates/main amd64 Packages [6924 B]
2026-10-03T18:05:47.0643312Z #15 0.235 Get:6 http://deb.debian.org/debian-security bookworm-security/main amd64 Packages [345 kB]
2026-10-03T18:05:47.6188076Z #15 0.941 Fetched 9384 kB in 1s (10.8 MB/s)
2026-10-03T18:05:47.9955309Z #15 0.941 Reading package lists...
2026-10-03T18:05:48.1627351Z #15 1.327 + DEBIAN_FRONTEND=noninteractive apt-get install -y --no-install-recommends ca-certificates curl git jq procps ripgrep tmux tini vim-tiny nodejs
2026-10-03T18:05:48.3998076Z #15 1.334 Reading package lists...
2026-10-03T18:05:48.5834053Z #15 1.732 Building dependency tree...
2026-10-03T18:05:48.5835285Z #15 1.817 Reading state information...
2026-10-03T18:05:48.5836595Z #15 1.905 The following additional packages will be installed:
2026-10-03T18:05:48.5837782Z #15 1.905   git-man libc-ares2 libcurl3-gnutls libcurl4 liberror-perl
2026-10-03T18:05:48.7153691Z #15 1.905   libevent-core-2.1-7 libexpat1 libgdbm-compat4 libicu72 libjq1 libnode108
2026-10-03T18:05:48.7156847Z #15 1.905   libonig5 libperl5.36 libproc2-0 libutempter0 libuv1 node-acorn node-busboy
2026-10-03T18:05:48.7158390Z #15 1.906   node-cjs-module-lexer node-undici node-xtend perl perl-modules-5.36
2026-10-03T18:05:48.7160483Z #15 1.906   vim-common
2026-10-03T18:05:48.7161206Z #15 1.906 Suggested packages:
2026-10-03T18:05:48.7162183Z #15 1.906   gettext-base git-daemon-run | git-daemon-sysvinit git-doc git-email git-gui
2026-10-03T18:05:48.7163055Z #15 1.906   gitk gitweb git-cvs git-mediawiki git-svn sensible-utils npm perl-doc
2026-10-03T18:05:48.7163713Z #15 1.906   libterm-readline-gnu-perl | libterm-readline-perl-perl make
2026-10-03T18:05:48.7164284Z #15 1.906   libtap-harness-archive-perl indent
2026-10-03T18:05:48.7164617Z #15 1.906 Recommended packages:
2026-10-03T18:05:48.7165046Z #15 1.906   patch less ssh-client nodejs-doc psmisc xxd
2026-10-03T18:05:48.7165494Z #15 2.037 The following NEW packages will be installed:
2026-10-03T18:05:48.8670988Z #15 2.037   git git-man jq libc-ares2 libcurl3-gnutls liberror-perl libevent-core-2.1-7
2026-10-03T18:05:48.8671787Z #15 2.037   libexpat1 libgdbm-compat4 libicu72 libjq1 libnode108 libonig5 libperl5.36
2026-10-03T18:05:48.8672840Z #15 2.037   libproc2-0 libutempter0 libuv1 node-acorn node-busboy node-cjs-module-lexer
2026-10-03T18:05:48.8673480Z #15 2.037   node-undici node-xtend nodejs perl perl-modules-5.36 procps ripgrep tini
2026-10-03T18:05:48.8673953Z #15 2.037   tmux vim-common vim-tiny
2026-10-03T18:05:48.8674275Z #15 2.038 The following packages will be upgraded:
2026-10-03T18:05:48.8674635Z #15 2.038   ca-certificates curl libcurl4
2026-10-03T18:05:49.1110711Z #15 2.433 3 upgraded, 31 newly installed, 0 to remove and 21 not upgraded.
2026-10-03T18:05:49.1112361Z #15 2.433 Need to get 43.2 MB of archives.
2026-10-03T18:05:49.1113494Z #15 2.433 After this operation, 202 MB of additional disk space will be used.
2026-10-03T18:05:49.1115020Z #15 2.433 Get:1 http://deb.debian.org/debian bookworm/main amd64 perl-modules-5.36 all 5.36.0-7+deb12u3 [2815 kB]
2026-10-03T18:05:49.2355494Z #15 2.455 Get:2 http://deb.debian.org/debian bookworm/main amd64 libgdbm-compat4 amd64 1.23-3 [48.2 kB]
2026-10-03T18:05:49.2357075Z #15 2.456 Get:3 http://deb.debian.org/debian bookworm/main amd64 libperl5.36 amd64 5.36.0-7+deb12u3 [4196 kB]
2026-10-03T18:05:49.2358499Z #15 2.472 Get:4 http://deb.debian.org/debian bookworm/main amd64 perl amd64 5.36.0-7+deb12u3 [239 kB]
2026-10-03T18:05:49.2360112Z #15 2.473 Get:5 http://deb.debian.org/debian bookworm/main amd64 libproc2-0 amd64 2:4.0.2-3 [62.8 kB]
2026-10-03T18:05:49.2361608Z #15 2.473 Get:6 http://deb.debian.org/debian bookworm/main amd64 procps amd64 2:4.0.2-3 [709 kB]
2026-10-03T18:05:49.2362383Z #15 2.476 Get:7 http://deb.debian.org/debian bookworm/main amd64 vim-common all 2:9.0.1378-2+deb12u2 [125 kB]
2026-10-03T18:05:49.2363567Z #15 2.477 Get:8 http://deb.debian.org/debian bookworm/main amd64 vim-tiny amd64 2:9.0.1378-2+deb12u2 [720 kB]
2026-10-03T18:05:49.2364960Z #15 2.480 Get:9 http://deb.debian.org/debian-security bookworm-security/main amd64 ca-certificates all 20250419~deb12u1 [162 kB]
2026-10-03T18:05:49.2366281Z #15 2.482 Get:10 http://deb.debian.org/debian bookworm/main amd64 curl amd64 7.88.1-10+deb12u15 [316 kB]
2026-10-03T18:05:49.2367451Z #15 2.483 Get:11 http://deb.debian.org/debian bookworm/main amd64 libcurl4 amd64 7.88.1-10+deb12u15 [392 kB]
2026-10-03T18:05:49.2368671Z #15 2.484 Get:12 http://deb.debian.org/debian bookworm/main amd64 libcurl3-gnutls amd64 7.88.1-10+deb12u15 [386 kB]
2026-10-03T18:05:49.2369887Z #15 2.486 Get:13 http://deb.debian.org/debian-security bookworm-security/main amd64 libexpat1 amd64 2.5.0-1+deb12u4 [106 kB]
2026-10-03T18:05:49.2371137Z #15 2.487 Get:14 http://deb.debian.org/debian bookworm/main amd64 liberror-perl all 0.17029-2 [29.0 kB]
2026-10-03T18:05:49.2372509Z #15 2.487 Get:15 http://deb.debian.org/debian bookworm/main amd64 git-man all 1:2.39.5-0+deb12u3 [2053 kB]
2026-10-03T18:05:49.2373597Z #15 2.494 Get:16 http://deb.debian.org/debian bookworm/main amd64 git amd64 1:2.39.5-0+deb12u3 [7264 kB]
2026-10-03T18:05:49.2374643Z #15 2.520 Get:17 http://deb.debian.org/debian bookworm/main amd64 libonig5 amd64 6.9.8-1 [188 kB]
2026-10-03T18:05:49.2375786Z #15 2.521 Get:18 http://deb.debian.org/debian bookworm/main amd64 libjq1 amd64 1.6-2.1+deb12u2 [136 kB]
2026-10-03T18:05:49.2376909Z #15 2.522 Get:19 http://deb.debian.org/debian bookworm/main amd64 jq amd64 1.6-2.1+deb12u2 [64.0 kB]
2026-10-03T18:05:49.2377996Z #15 2.523 Get:20 http://deb.debian.org/debian bookworm/main amd64 libc-ares2 amd64 1.18.1-3 [102 kB]
2026-10-03T18:05:49.2379370Z #15 2.523 Get:21 http://deb.debian.org/debian-security bookworm-security/main amd64 libevent-core-2.1-7 amd64 2.1.12-stable-8+deb12u1 [131 kB]
2026-10-03T18:05:49.2381019Z #15 2.524 Get:22 http://deb.debian.org/debian bookworm/main amd64 libicu72 amd64 72.1-3+deb12u1 [9376 kB]
2026-10-03T18:05:49.2382154Z #15 2.557 Get:23 http://deb.debian.org/debian bookworm/main amd64 libuv1 amd64 1.44.2-1+deb12u1 [136 kB]
2026-10-03T18:05:49.3615638Z #15 2.558 Get:24 http://deb.debian.org/debian bookworm/main amd64 node-xtend all 4.0.2-3 [3932 B]
2026-10-03T18:05:49.3617008Z #15 2.560 Get:25 http://deb.debian.org/debian-security bookworm-security/main amd64 nodejs amd64 18.20.4+dfsg-1~deb12u3 [322 kB]
2026-10-03T18:05:49.3617921Z #15 2.561 Get:26 http://deb.debian.org/debian bookworm/main amd64 node-acorn all 8.8.1+ds+~cs25.17.7-2 [128 kB]
2026-10-03T18:05:49.3618718Z #15 2.561 Get:27 http://deb.debian.org/debian bookworm/main amd64 node-cjs-module-lexer all 1.2.2+dfsg-5 [30.1 kB]
2026-10-03T18:05:49.3619509Z #15 2.562 Get:28 http://deb.debian.org/debian bookworm/main amd64 node-busboy all 1.6.0+~cs2.6.0-2 [16.9 kB]
2026-10-03T18:05:49.3621105Z #15 2.562 Get:29 http://deb.debian.org/debian bookworm/main amd64 node-undici all 5.15.0+dfsg1+~cs20.10.9.3-1+deb12u4 [285 kB]
2026-10-03T18:05:49.3622839Z #15 2.564 Get:30 http://deb.debian.org/debian-security bookworm-security/main amd64 libnode108 amd64 18.20.4+dfsg-1~deb12u3 [10.6 MB]
2026-10-03T18:05:49.3624297Z #15 2.589 Get:31 http://deb.debian.org/debian bookworm/main amd64 libutempter0 amd64 1.2.1-3 [8960 B]
2026-10-03T18:05:49.3625006Z #15 2.590 Get:32 http://deb.debian.org/debian bookworm/main amd64 ripgrep amd64 13.0.0-4+b2 [1253 kB]
2026-10-03T18:05:49.3625694Z #15 2.594 Get:33 http://deb.debian.org/debian bookworm/main amd64 tini amd64 0.19.0-1+b3 [267 kB]
2026-10-03T18:05:49.3626343Z #15 2.595 Get:34 http://deb.debian.org/debian bookworm/main amd64 tmux amd64 3.3a-3 [455 kB]
2026-10-03T18:05:49.3627279Z #15 2.683 debconf: delaying package configuration, since apt-utils is not installed
2026-10-03T18:05:49.5523508Z #15 2.701 Fetched 43.2 MB in 1s (77.9 MB/s)
2026-10-03T18:05:49.5524498Z #15 2.714 Selecting previously unselected package perl-modules-5.36.
2026-10-03T18:05:49.5525446Z #15 2.714 (Reading database ... 
2026-10-03T18:05:49.5526081Z (Reading database ... 5%
2026-10-03T18:05:49.5526670Z (Reading database ... 10%
2026-10-03T18:05:49.5527276Z (Reading database ... 15%
2026-10-03T18:05:49.5527875Z (Reading database ... 20%
2026-10-03T18:05:49.5528430Z (Reading database ... 25%
2026-10-03T18:05:49.5529031Z (Reading database ... 30%
2026-10-03T18:05:49.5529891Z (Reading database ... 35%
2026-10-03T18:05:49.5530525Z (Reading database ... 40%
2026-10-03T18:05:49.5531152Z (Reading database ... 45%
2026-10-03T18:05:49.5531738Z (Reading database ... 50%
2026-10-03T18:05:49.5532332Z (Reading database ... 55%
2026-10-03T18:05:49.5532928Z (Reading database ... 60%
2026-10-03T18:05:49.5533495Z (Reading database ... 65%
2026-10-03T18:05:49.5534099Z (Reading database ... 70%
2026-10-03T18:05:49.5534711Z (Reading database ... 75%
2026-10-03T18:05:49.5535301Z (Reading database ... 80%
2026-10-03T18:05:49.5535884Z (Reading database ... 85%
2026-10-03T18:05:49.5536438Z (Reading database ... 90%
2026-10-03T18:05:49.5537196Z (Reading database ... 95%
2026-10-03T18:05:49.5537785Z (Reading database ... 100%
2026-10-03T18:05:49.5538533Z (Reading database ... 6776 files and directories currently installed.)
2026-10-03T18:05:49.5539849Z #15 2.724 Preparing to unpack .../00-perl-modules-5.36_5.36.0-7+deb12u3_all.deb ...
2026-10-03T18:05:49.5540977Z #15 2.724 Unpacking perl-modules-5.36 (5.36.0-7+deb12u3) ...
2026-10-03T18:05:49.6671024Z #15 2.989 Selecting previously unselected package libgdbm-compat4:amd64.
2026-10-03T18:05:49.8402605Z #15 2.991 Preparing to unpack .../01-libgdbm-compat4_1.23-3_amd64.deb ...
2026-10-03T18:05:49.8403469Z #15 2.993 Unpacking libgdbm-compat4:amd64 (1.23-3) ...
2026-10-03T18:05:49.8404133Z #15 3.009 Selecting previously unselected package libperl5.36:amd64.
2026-10-03T18:05:49.8404781Z #15 3.011 Preparing to unpack .../02-libperl5.36_5.36.0-7+deb12u3_amd64.deb ...
2026-10-03T18:05:49.8405381Z #15 3.012 Unpacking libperl5.36:amd64 (5.36.0-7+deb12u3) ...
2026-10-03T18:05:49.9876471Z #15 3.309 Selecting previously unselected package perl.
2026-10-03T18:05:50.1128291Z #15 3.311 Preparing to unpack .../03-perl_5.36.0-7+deb12u3_amd64.deb ...
2026-10-03T18:05:50.1128966Z #15 3.317 Unpacking perl (5.36.0-7+deb12u3) ...
2026-10-03T18:05:50.1129515Z #15 3.344 Selecting previously unselected package libproc2-0:amd64.
2026-10-03T18:05:50.1130375Z #15 3.346 Preparing to unpack .../04-libproc2-0_2%3a4.0.2-3_amd64.deb ...
2026-10-03T18:05:50.1131517Z #15 3.347 Unpacking libproc2-0:amd64 (2:4.0.2-3) ...
2026-10-03T18:05:50.1133026Z #15 3.366 Selecting previously unselected package procps.
2026-10-03T18:05:50.1133610Z #15 3.367 Preparing to unpack .../05-procps_2%3a4.0.2-3_amd64.deb ...
2026-10-03T18:05:50.1134169Z #15 3.376 Unpacking procps (2:4.0.2-3) ...
2026-10-03T18:05:50.1134654Z #15 3.435 Selecting previously unselected package vim-common.
2026-10-03T18:05:50.3286782Z #15 3.436 Preparing to unpack .../06-vim-common_2%3a9.0.1378-2+deb12u2_all.deb ...
2026-10-03T18:05:50.3287679Z #15 3.437 Unpacking vim-common (2:9.0.1378-2+deb12u2) ...
2026-10-03T18:05:50.3288635Z #15 3.460 Selecting previously unselected package vim-tiny.
2026-10-03T18:05:50.3289220Z #15 3.462 Preparing to unpack .../07-vim-tiny_2%3a9.0.1378-2+deb12u2_amd64.deb ...
2026-10-03T18:05:50.3290024Z #15 3.463 Unpacking vim-tiny (2:9.0.1378-2+deb12u2) ...
2026-10-03T18:05:50.3290763Z #15 3.523 Preparing to unpack .../08-ca-certificates_20250419~deb12u1_all.deb ...
2026-10-03T18:05:50.3291571Z #15 3.525 Unpacking ca-certificates (20250419~deb12u1) over (20230311+deb12u1) ...
2026-10-03T18:05:50.3292070Z #15 3.650 Preparing to unpack .../09-curl_7.88.1-10+deb12u15_amd64.deb ...
2026-10-03T18:05:50.4364933Z #15 3.653 Unpacking curl (7.88.1-10+deb12u15) over (7.88.1-10+deb12u14) ...
2026-10-03T18:05:50.4366773Z #15 3.685 Preparing to unpack .../10-libcurl4_7.88.1-10+deb12u15_amd64.deb ...
2026-10-03T18:05:50.4367556Z #15 3.688 Unpacking libcurl4:amd64 (7.88.1-10+deb12u15) over (7.88.1-10+deb12u14) ...
2026-10-03T18:05:50.4368298Z #15 3.722 Selecting previously unselected package libcurl3-gnutls:amd64.
2026-10-03T18:05:50.4369026Z #15 3.724 Preparing to unpack .../11-libcurl3-gnutls_7.88.1-10+deb12u15_amd64.deb ...
2026-10-03T18:05:50.4369895Z #15 3.725 Unpacking libcurl3-gnutls:amd64 (7.88.1-10+deb12u15) ...
2026-10-03T18:05:50.4370500Z #15 3.758 Selecting previously unselected package libexpat1:amd64.
2026-10-03T18:05:50.5602950Z #15 3.760 Preparing to unpack .../12-libexpat1_2.5.0-1+deb12u4_amd64.deb ...
2026-10-03T18:05:50.5603823Z #15 3.761 Unpacking libexpat1:amd64 (2.5.0-1+deb12u4) ...
2026-10-03T18:05:50.5604349Z #15 3.780 Selecting previously unselected package liberror-perl.
2026-10-03T18:05:50.5604973Z #15 3.782 Preparing to unpack .../13-liberror-perl_0.17029-2_all.deb ...
2026-10-03T18:05:50.5605415Z #15 3.783 Unpacking liberror-perl (0.17029-2) ...
2026-10-03T18:05:50.5605921Z #15 3.798 Selecting previously unselected package git-man.
2026-10-03T18:05:50.5606362Z #15 3.800 Preparing to unpack .../14-git-man_1%3a2.39.5-0+deb12u3_all.deb ...
2026-10-03T18:05:50.5606781Z #15 3.801 Unpacking git-man (1:2.39.5-0+deb12u3) ...
2026-10-03T18:05:50.5607275Z #15 3.882 Selecting previously unselected package git.
2026-10-03T18:05:50.7186451Z #15 3.884 Preparing to unpack .../15-git_1%3a2.39.5-0+deb12u3_amd64.deb ...
2026-10-03T18:05:50.7187523Z #15 3.890 Unpacking git (1:2.39.5-0+deb12u3) ...
2026-10-03T18:05:50.8560975Z #15 4.178 Selecting previously unselected package libonig5:amd64.
2026-10-03T18:05:50.9746791Z #15 4.180 Preparing to unpack .../16-libonig5_6.9.8-1_amd64.deb ...
2026-10-03T18:05:50.9749278Z #15 4.181 Unpacking libonig5:amd64 (6.9.8-1) ...
2026-10-03T18:05:50.9749958Z #15 4.207 Selecting previously unselected package libjq1:amd64.
2026-10-03T18:05:50.9750873Z #15 4.209 Preparing to unpack .../17-libjq1_1.6-2.1+deb12u2_amd64.deb ...
2026-10-03T18:05:50.9751324Z #15 4.209 Unpacking libjq1:amd64 (1.6-2.1+deb12u2) ...
2026-10-03T18:05:50.9751851Z #15 4.230 Selecting previously unselected package jq.
2026-10-03T18:05:50.9752237Z #15 4.232 Preparing to unpack .../18-jq_1.6-2.1+deb12u2_amd64.deb ...
2026-10-03T18:05:50.9752660Z #15 4.233 Unpacking jq (1.6-2.1+deb12u2) ...
2026-10-03T18:05:50.9753163Z #15 4.250 Selecting previously unselected package libc-ares2:amd64.
2026-10-03T18:05:50.9753614Z #15 4.252 Preparing to unpack .../19-libc-ares2_1.18.1-3_amd64.deb ...
2026-10-03T18:05:50.9754147Z #15 4.253 Unpacking libc-ares2:amd64 (1.18.1-3) ...
2026-10-03T18:05:50.9754833Z #15 4.273 Selecting previously unselected package libevent-core-2.1-7:amd64.
2026-10-03T18:05:50.9755600Z #15 4.274 Preparing to unpack .../20-libevent-core-2.1-7_2.1.12-stable-8+deb12u1_amd64.deb ...
2026-10-03T18:05:50.9756227Z #15 4.275 Unpacking libevent-core-2.1-7:amd64 (2.1.12-stable-8+deb12u1) ...
2026-10-03T18:05:50.9757208Z #15 4.297 Selecting previously unselected package libicu72:amd64.
2026-10-03T18:05:51.1280018Z #15 4.298 Preparing to unpack .../21-libicu72_72.1-3+deb12u1_amd64.deb ...
2026-10-03T18:05:51.1280822Z #15 4.299 Unpacking libicu72:amd64 (72.1-3+deb12u1) ...
2026-10-03T18:05:51.4117988Z #15 4.734 Selecting previously unselected package libuv1:amd64.
2026-10-03T18:05:51.5444227Z #15 4.735 Preparing to unpack .../22-libuv1_1.44.2-1+deb12u1_amd64.deb ...
2026-10-03T18:05:51.5445138Z #15 4.736 Unpacking libuv1:amd64 (1.44.2-1+deb12u1) ...
2026-10-03T18:05:51.5446111Z #15 4.758 Selecting previously unselected package node-xtend.
2026-10-03T18:05:51.5447004Z #15 4.760 Preparing to unpack .../23-node-xtend_4.0.2-3_all.deb ...
2026-10-03T18:05:51.5447479Z #15 4.761 Unpacking node-xtend (4.0.2-3) ...
2026-10-03T18:05:51.5447817Z #15 4.775 Selecting previously unselected package nodejs.
2026-10-03T18:05:51.5448286Z #15 4.777 Preparing to unpack .../24-nodejs_18.20.4+dfsg-1~deb12u3_amd64.deb ...
2026-10-03T18:05:51.5449002Z #15 4.778 Unpacking nodejs (18.20.4+dfsg-1~deb12u3) ...
2026-10-03T18:05:51.5449372Z #15 4.826 Selecting previously unselected package node-acorn.
2026-10-03T18:05:51.5450562Z #15 4.828 Preparing to unpack .../25-node-acorn_8.8.1+ds+~cs25.17.7-2_all.deb ...
2026-10-03T18:05:51.5451023Z #15 4.829 Unpacking node-acorn (8.8.1+ds+~cs25.17.7-2) ...
2026-10-03T18:05:51.5451607Z #15 4.866 Selecting previously unselected package node-cjs-module-lexer.
2026-10-03T18:05:51.7835727Z #15 4.868 Preparing to unpack .../26-node-cjs-module-lexer_1.2.2+dfsg-5_all.deb ...
2026-10-03T18:05:51.7838594Z #15 4.869 Unpacking node-cjs-module-lexer (1.2.2+dfsg-5) ...
2026-10-03T18:05:51.7839919Z #15 4.884 Selecting previously unselected package node-busboy.
2026-10-03T18:05:51.7840745Z #15 4.886 Preparing to unpack .../27-node-busboy_1.6.0+~cs2.6.0-2_all.deb ...
2026-10-03T18:05:51.7841460Z #15 4.887 Unpacking node-busboy (1.6.0+~cs2.6.0-2) ...
2026-10-03T18:05:51.7842111Z #15 4.904 Selecting previously unselected package node-undici.
2026-10-03T18:05:51.7842998Z #15 4.906 Preparing to unpack .../28-node-undici_5.15.0+dfsg1+~cs20.10.9.3-1+deb12u4_all.deb ...
2026-10-03T18:05:51.7843943Z #15 4.911 Unpacking node-undici (5.15.0+dfsg1+~cs20.10.9.3-1+deb12u4) ...
2026-10-03T18:05:51.7844730Z #15 4.952 Selecting previously unselected package libnode108:amd64.
2026-10-03T18:05:51.7845551Z #15 4.954 Preparing to unpack .../29-libnode108_18.20.4+dfsg-1~deb12u3_amd64.deb ...
2026-10-03T18:05:51.7846353Z #15 4.955 Unpacking libnode108:amd64 (18.20.4+dfsg-1~deb12u3) ...
2026-10-03T18:05:52.0558785Z #15 5.378 Selecting previously unselected package libutempter0:amd64.
2026-10-03T18:05:52.1688580Z #15 5.379 Preparing to unpack .../30-libutempter0_1.2.1-3_amd64.deb ...
2026-10-03T18:05:52.1689497Z #15 5.380 Unpacking libutempter0:amd64 (1.2.1-3) ...
2026-10-03T18:05:52.1690571Z #15 5.397 Selecting previously unselected package ripgrep.
2026-10-03T18:05:52.1691566Z #15 5.399 Preparing to unpack .../31-ripgrep_13.0.0-4+b2_amd64.deb ...
2026-10-03T18:05:52.1692872Z #15 5.400 Unpacking ripgrep (13.0.0-4+b2) ...
2026-10-03T18:05:52.1693455Z #15 5.491 Selecting previously unselected package tini.
2026-10-03T18:05:52.4178243Z #15 5.493 Preparing to unpack .../32-tini_0.19.0-1+b3_amd64.deb ...
2026-10-03T18:05:52.4178924Z #15 5.493 Unpacking tini (0.19.0-1+b3) ...
2026-10-03T18:05:52.4179370Z #15 5.524 Selecting previously unselected package tmux.
2026-10-03T18:05:52.4180172Z #15 5.526 Preparing to unpack .../33-tmux_3.3a-3_amd64.deb ...
2026-10-03T18:05:52.4180602Z #15 5.528 Unpacking tmux (3.3a-3) ...
2026-10-03T18:05:52.4180916Z #15 5.579 Setting up libexpat1:amd64 (2.5.0-1+deb12u4) ...
2026-10-03T18:05:52.4181739Z #15 5.581 Setting up libicu72:amd64 (72.1-3+deb12u1) ...
2026-10-03T18:05:52.4182125Z #15 5.583 Setting up node-cjs-module-lexer (1.2.2+dfsg-5) ...
2026-10-03T18:05:52.4182517Z #15 5.585 Setting up libcurl3-gnutls:amd64 (7.88.1-10+deb12u15) ...
2026-10-03T18:05:52.4183208Z #15 5.587 Setting up libc-ares2:amd64 (1.18.1-3) ...
2026-10-03T18:05:52.4183904Z #15 5.589 Setting up ca-certificates (20250419~deb12u1) ...
2026-10-03T18:05:53.7693944Z #15 7.091 Updating certificates in /etc/ssl/certs...
2026-10-03T18:05:54.6353355Z #15 7.957 rehash: warning: skipping ca-certificates.crt,it does not contain exactly one certificate or CRL
2026-10-03T18:05:54.7359865Z #15 7.963 21 added, 13 removed; done.
2026-10-03T18:05:54.7361896Z #15 7.976 Setting up perl-modules-5.36 (5.36.0-7+deb12u3) ...
2026-10-03T18:05:54.7362343Z #15 7.978 Setting up libuv1:amd64 (1.44.2-1+deb12u1) ...
2026-10-03T18:05:54.7363099Z #15 7.981 Setting up vim-common (2:9.0.1378-2+deb12u2) ...
2026-10-03T18:05:54.7363836Z #15 7.985 Setting up libproc2-0:amd64 (2:4.0.2-3) ...
2026-10-03T18:05:54.7364759Z #15 7.987 Setting up libevent-core-2.1-7:amd64 (2.1.12-stable-8+deb12u1) ...
2026-10-03T18:05:54.7365532Z #15 7.989 Setting up tini (0.19.0-1+b3) ...
2026-10-03T18:05:54.7366124Z #15 7.993 Setting up libgdbm-compat4:amd64 (1.23-3) ...
2026-10-03T18:05:54.7367115Z #15 7.995 Setting up libutempter0:amd64 (1.2.1-3) ...
2026-10-03T18:05:54.7367669Z #15 7.997 Setting up ripgrep (13.0.0-4+b2) ...
2026-10-03T18:05:54.7368214Z #15 7.999 Setting up procps (2:4.0.2-3) ...
2026-10-03T18:05:54.7368801Z #15 8.021 Setting up libcurl4:amd64 (7.88.1-10+deb12u15) ...
2026-10-03T18:05:54.7369430Z #15 8.023 Setting up git-man (1:2.39.5-0+deb12u3) ...
2026-10-03T18:05:54.7370214Z #15 8.026 Setting up curl (7.88.1-10+deb12u15) ...
2026-10-03T18:05:54.7370884Z #15 8.028 Setting up node-xtend (4.0.2-3) ...
2026-10-03T18:05:54.7371417Z #15 8.030 Setting up tmux (3.3a-3) ...
2026-10-03T18:05:54.7371979Z #15 8.043 Setting up libperl5.36:amd64 (5.36.0-7+deb12u3) ...
2026-10-03T18:05:54.7372606Z #15 8.045 Setting up libonig5:amd64 (6.9.8-1) ...
2026-10-03T18:05:54.7373177Z #15 8.047 Setting up node-busboy (1.6.0+~cs2.6.0-2) ...
2026-10-03T18:05:54.7373757Z #15 8.049 Setting up libjq1:amd64 (1.6-2.1+deb12u2) ...
2026-10-03T18:05:54.7374343Z #15 8.051 Setting up vim-tiny (2:9.0.1378-2+deb12u2) ...
2026-10-03T18:05:54.7375233Z #15 8.055 update-alternatives: using /usr/bin/vim.tiny to provide /usr/bin/editor (editor) in auto mode
2026-10-03T18:05:54.7376842Z #15 8.056 update-alternatives: warning: skip creation of /usr/share/man/man1/editor.1.gz because associated file /usr/share/man/man1/vim.1.gz (of link group editor) doesn't exist
2026-10-03T18:05:54.7379151Z #15 8.056 update-alternatives: warning: skip creation of /usr/share/man/da/man1/editor.1.gz because associated file /usr/share/man/da/man1/vim.1.gz (of link group editor) doesn't exist
2026-10-03T18:05:54.7381573Z #15 8.056 update-alternatives: warning: skip creation of /usr/share/man/de/man1/editor.1.gz because associated file /usr/share/man/de/man1/vim.1.gz (of link group editor) doesn't exist
2026-10-03T18:05:54.7383721Z #15 8.056 update-alternatives: warning: skip creation of /usr/share/man/fr/man1/editor.1.gz because associated file /usr/share/man/fr/man1/vim.1.gz (of link group editor) doesn't exist
2026-10-03T18:05:54.7385838Z #15 8.056 update-alternatives: warning: skip creation of /usr/share/man/it/man1/editor.1.gz because associated file /usr/share/man/it/man1/vim.1.gz (of link group editor) doesn't exist
2026-10-03T18:05:54.7387328Z #15 8.056 update-alternatives: warning: skip creation of /usr/share/man/ja/man1/editor.1.gz because associated file /usr/share/man/ja/man1/vim.1.gz (of link group editor) doesn't exist
2026-10-03T18:05:54.7389473Z #15 8.056 update-alternatives: warning: skip creation of /usr/share/man/pl/man1/editor.1.gz because associated file /usr/share/man/pl/man1/vim.1.gz (of link group editor) doesn't exist
2026-10-03T18:05:54.7391566Z #15 8.056 update-alternatives: warning: skip creation of /usr/share/man/ru/man1/editor.1.gz because associated file /usr/share/man/ru/man1/vim.1.gz (of link group editor) doesn't exist
2026-10-03T18:05:54.7393446Z #15 8.056 update-alternatives: warning: skip creation of /usr/share/man/tr/man1/editor.1.gz because associated file /usr/share/man/tr/man1/vim.1.gz (of link group editor) doesn't exist
2026-10-03T18:05:54.7394962Z #15 8.058 update-alternatives: using /usr/bin/vim.tiny to provide /usr/bin/ex (ex) in auto mode
2026-10-03T18:05:54.9469721Z #15 8.058 update-alternatives: warning: skip creation of /usr/share/man/man1/ex.1.gz because associated file /usr/share/man/man1/vim.1.gz (of link group ex) doesn't exist
2026-10-03T18:05:54.9472108Z #15 8.058 update-alternatives: warning: skip creation of /usr/share/man/da/man1/ex.1.gz because associated file /usr/share/man/da/man1/vim.1.gz (of link group ex) doesn't exist
2026-10-03T18:05:54.9474143Z #15 8.058 update-alternatives: warning: skip creation of /usr/share/man/de/man1/ex.1.gz because associated file /usr/share/man/de/man1/vim.1.gz (of link group ex) doesn't exist
2026-10-03T18:05:54.9476176Z #15 8.058 update-alternatives: warning: skip creation of /usr/share/man/fr/man1/ex.1.gz because associated file /usr/share/man/fr/man1/vim.1.gz (of link group ex) doesn't exist
2026-10-03T18:05:54.9477976Z #15 8.058 update-alternatives: warning: skip creation of /usr/share/man/it/man1/ex.1.gz because associated file /usr/share/man/it/man1/vim.1.gz (of link group ex) doesn't exist
2026-10-03T18:05:54.9479351Z #15 8.058 update-alternatives: warning: skip creation of /usr/share/man/ja/man1/ex.1.gz because associated file /usr/share/man/ja/man1/vim.1.gz (of link group ex) doesn't exist
2026-10-03T18:05:54.9481236Z #15 8.058 update-alternatives: warning: skip creation of /usr/share/man/pl/man1/ex.1.gz because associated file /usr/share/man/pl/man1/vim.1.gz (of link group ex) doesn't exist
2026-10-03T18:05:54.9482606Z #15 8.058 update-alternatives: warning: skip creation of /usr/share/man/ru/man1/ex.1.gz because associated file /usr/share/man/ru/man1/vim.1.gz (of link group ex) doesn't exist
2026-10-03T18:05:54.9483753Z #15 8.059 update-alternatives: warning: skip creation of /usr/share/man/tr/man1/ex.1.gz because associated file /usr/share/man/tr/man1/vim.1.gz (of link group ex) doesn't exist
2026-10-03T18:05:54.9484628Z #15 8.061 update-alternatives: using /usr/bin/vim.tiny to provide /usr/bin/rview (rview) in auto mode
2026-10-03T18:05:54.9485259Z #15 8.063 update-alternatives: using /usr/bin/vim.tiny to provide /usr/bin/vi (vi) in auto mode
2026-10-03T18:05:54.9486120Z #15 8.063 update-alternatives: warning: skip creation of /usr/share/man/man1/vi.1.gz because associated file /usr/share/man/man1/vim.1.gz (of link group vi) doesn't exist
2026-10-03T18:05:54.9487238Z #15 8.063 update-alternatives: warning: skip creation of /usr/share/man/da/man1/vi.1.gz because associated file /usr/share/man/da/man1/vim.1.gz (of link group vi) doesn't exist
2026-10-03T18:05:54.9488349Z #15 8.063 update-alternatives: warning: skip creation of /usr/share/man/de/man1/vi.1.gz because associated file /usr/share/man/de/man1/vim.1.gz (of link group vi) doesn't exist
2026-10-03T18:05:54.9489494Z #15 8.063 update-alternatives: warning: skip creation of /usr/share/man/fr/man1/vi.1.gz because associated file /usr/share/man/fr/man1/vim.1.gz (of link group vi) doesn't exist
2026-10-03T18:05:54.9490990Z #15 8.063 update-alternatives: warning: skip creation of /usr/share/man/it/man1/vi.1.gz because associated file /usr/share/man/it/man1/vim.1.gz (of link group vi) doesn't exist
2026-10-03T18:05:54.9492275Z #15 8.063 update-alternatives: warning: skip creation of /usr/share/man/ja/man1/vi.1.gz because associated file /usr/share/man/ja/man1/vim.1.gz (of link group vi) doesn't exist
2026-10-03T18:05:54.9494257Z #15 8.063 update-alternatives: warning: skip creation of /usr/share/man/pl/man1/vi.1.gz because associated file /usr/share/man/pl/man1/vim.1.gz (of link group vi) doesn't exist
2026-10-03T18:05:54.9496657Z #15 8.063 update-alternatives: warning: skip creation of /usr/share/man/ru/man1/vi.1.gz because associated file /usr/share/man/ru/man1/vim.1.gz (of link group vi) doesn't exist
2026-10-03T18:05:54.9498774Z #15 8.063 update-alternatives: warning: skip creation of /usr/share/man/tr/man1/vi.1.gz because associated file /usr/share/man/tr/man1/vim.1.gz (of link group vi) doesn't exist
2026-10-03T18:05:54.9501035Z #15 8.065 update-alternatives: using /usr/bin/vim.tiny to provide /usr/bin/view (view) in auto mode
2026-10-03T18:05:54.9502644Z #15 8.065 update-alternatives: warning: skip creation of /usr/share/man/man1/view.1.gz because associated file /usr/share/man/man1/vim.1.gz (of link group view) doesn't exist
2026-10-03T18:05:54.9504741Z #15 8.065 update-alternatives: warning: skip creation of /usr/share/man/da/man1/view.1.gz because associated file /usr/share/man/da/man1/vim.1.gz (of link group view) doesn't exist
2026-10-03T18:05:54.9506800Z #15 8.065 update-alternatives: warning: skip creation of /usr/share/man/de/man1/view.1.gz because associated file /usr/share/man/de/man1/vim.1.gz (of link group view) doesn't exist
2026-10-03T18:05:54.9507979Z #15 8.065 update-alternatives: warning: skip creation of /usr/share/man/fr/man1/view.1.gz because associated file /usr/share/man/fr/man1/vim.1.gz (of link group view) doesn't exist
2026-10-03T18:05:54.9509226Z #15 8.065 update-alternatives: warning: skip creation of /usr/share/man/it/man1/view.1.gz because associated file /usr/share/man/it/man1/vim.1.gz (of link group view) doesn't exist
2026-10-03T18:05:54.9510900Z #15 8.065 update-alternatives: warning: skip creation of /usr/share/man/ja/man1/view.1.gz because associated file /usr/share/man/ja/man1/vim.1.gz (of link group view) doesn't exist
2026-10-03T18:05:54.9512037Z #15 8.065 update-alternatives: warning: skip creation of /usr/share/man/pl/man1/view.1.gz because associated file /usr/share/man/pl/man1/vim.1.gz (of link group view) doesn't exist
2026-10-03T18:05:54.9513166Z #15 8.065 update-alternatives: warning: skip creation of /usr/share/man/ru/man1/view.1.gz because associated file /usr/share/man/ru/man1/vim.1.gz (of link group view) doesn't exist
2026-10-03T18:05:54.9514295Z #15 8.066 update-alternatives: warning: skip creation of /usr/share/man/tr/man1/view.1.gz because associated file /usr/share/man/tr/man1/vim.1.gz (of link group view) doesn't exist
2026-10-03T18:05:54.9515035Z #15 8.067 Setting up perl (5.36.0-7+deb12u3) ...
2026-10-03T18:05:54.9515425Z #15 8.076 Setting up node-undici (5.15.0+dfsg1+~cs20.10.9.3-1+deb12u4) ...
2026-10-03T18:05:54.9515807Z #15 8.082 Setting up jq (1.6-2.1+deb12u2) ...
2026-10-03T18:05:54.9516111Z #15 8.084 Setting up liberror-perl (0.17029-2) ...
2026-10-03T18:05:54.9516424Z #15 8.086 Setting up git (1:2.39.5-0+deb12u3) ...
2026-10-03T18:05:54.9516751Z #15 8.094 Setting up node-acorn (8.8.1+ds+~cs25.17.7-2) ...
2026-10-03T18:05:54.9517131Z #15 8.096 Setting up libnode108:amd64 (18.20.4+dfsg-1~deb12u3) ...
2026-10-03T18:05:54.9517502Z #15 8.098 Setting up nodejs (18.20.4+dfsg-1~deb12u3) ...
2026-10-03T18:05:54.9517967Z #15 8.101 update-alternatives: using /usr/bin/nodejs to provide /usr/bin/js (js) in auto mode
2026-10-03T18:05:54.9518872Z #15 8.101 update-alternatives: warning: skip creation of /usr/share/man/man1/js.1.gz because associated file /usr/share/man/man1/nodejs.1.gz (of link group js) doesn't exist
2026-10-03T18:05:54.9519864Z #15 8.103 Processing triggers for libc-bin (2.36-9+deb12u13) ...
2026-10-03T18:05:54.9520418Z #15 8.114 Processing triggers for ca-certificates (20250419~deb12u1) ...
2026-10-03T18:05:54.9520826Z #15 8.118 Updating certificates in /etc/ssl/certs...
2026-10-03T18:05:55.3451216Z #15 8.667 0 added, 0 removed; done.
2026-10-03T18:05:55.3452120Z #15 8.667 Running hooks in /etc/ca-certificates/update.d...
2026-10-03T18:05:55.5540450Z #15 8.668 done.
2026-10-03T18:05:55.5544766Z #15 8.699 + rm -rf /var/lib/apt/lists/auxfiles /var/lib/apt/lists/deb.debian.org_debian-security_dists_bookworm-security_InRelease /var/lib/apt/lists/deb.debian.org_debian-security_dists_bookworm-security_main_binary-amd64_Packages.lz4 /var/lib/apt/lists/deb.debian.org_debian_dists_bookworm-updates_InRelease /var/lib/apt/lists/deb.debian.org_debian_dists_bookworm-updates_main_binary-amd64_Packages.lz4 /var/lib/apt/lists/deb.debian.org_debian_dists_bookworm_InRelease /var/lib/apt/lists/deb.debian.org_debian_dists_bookworm_main_binary-amd64_Packages.lz4 /var/lib/apt/lists/lock /var/lib/apt/lists/partial
2026-10-03T18:05:55.5547787Z #15 8.703 + git --version
2026-10-03T18:05:55.5548055Z #15 8.704 git version 2.39.5
2026-10-03T18:05:55.5548299Z #15 8.705 + jq --version
2026-10-03T18:05:55.5548524Z #15 8.706 jq-1.6
2026-10-03T18:05:55.5548738Z #15 8.706 + rg --version
2026-10-03T18:05:55.5548959Z #15 8.706 + head -1
2026-10-03T18:05:55.5549168Z #15 8.708 ripgrep 13.0.0
2026-10-03T18:05:55.5549398Z #15 8.708 + node --version
2026-10-03T18:05:55.5549824Z #15 8.724 v18.20.4
2026-10-03T18:05:55.5550049Z #15 8.725 + tini --version
2026-10-03T18:05:55.5550288Z #15 8.725 tini version 0.19.0
2026-10-03T18:05:55.6224360Z #15 DONE 8.9s
2026-10-03T18:05:55.8650658Z 
2026-10-03T18:05:55.8652622Z #16 [6/7] COPY entrypoint-aio.sh /usr/local/bin/entrypoint-aio.sh
2026-10-03T18:05:55.8653269Z #16 DONE 0.0s
2026-10-03T18:05:55.8653452Z 
2026-10-03T18:05:55.8653945Z #17 [7/7] RUN set -eux; chmod +x /usr/local/bin/entrypoint-aio.sh; sh -n /usr/local/bin/entrypoint-aio.sh
2026-10-03T18:05:55.8655159Z #17 0.047 + chmod +x /usr/local/bin/entrypoint-aio.sh
2026-10-03T18:05:55.8655701Z #17 0.049 + sh -n /usr/local/bin/entrypoint-aio.sh
2026-10-03T18:05:55.8656160Z #17 DONE 0.1s
2026-10-03T18:05:55.8656346Z 
2026-10-03T18:05:55.8656504Z #18 exporting to docker image format
2026-10-03T18:05:55.8665427Z #18 exporting layers
2026-10-03T18:06:02.2496405Z #18 exporting layers 6.5s done
2026-10-03T18:06:02.4063582Z #18 exporting manifest sha256:eae622d2b5628ec6d0c18e0ce61c1959e2241be64c35737d57d2960768e30b12 done
2026-10-03T18:06:02.4065240Z #18 exporting config sha256:43676a1217ed0846ebf6c059f817c30c90d87812e428f92d82ce3ffff907d4fd done
2026-10-03T18:06:02.4066672Z #18 sending tarball
2026-10-03T18:06:03.2345264Z #18 ...
2026-10-03T18:06:03.2345470Z 
2026-10-03T18:06:03.2345592Z #19 importing to docker
2026-10-03T18:06:03.3854463Z #19 loading layer e48af84b2108 294.91kB / 29.14MB
2026-10-03T18:06:04.3292837Z #19 loading layer cdfd07207704 65.54kB / 3.52MB
2026-10-03T18:06:04.9311837Z #19 loading layer 9577d71b6dde 163.84kB / 13.67MB
2026-10-03T18:06:05.5335397Z #19 loading layer 17851d4465ed 250B / 250B
2026-10-03T18:06:05.6942855Z #19 loading layer 2de40d7b9ac6 229.38kB / 22.11MB
2026-10-03T18:06:05.8255530Z #19 loading layer 9f4ee3750e0f 98.30kB / 7.93MB
2026-10-03T18:06:06.0632970Z #19 loading layer f5c2683e248b 360.45kB / 33.74MB
2026-10-03T18:06:08.0561477Z #19 loading layer f5c2683e248b 16.22MB / 33.74MB 2.1s
2026-10-03T18:06:09.6512250Z #19 loading layer 125d6f7bf2ef 4.14kB / 4.14kB
2026-10-03T18:06:09.7914110Z #19 loading layer d698fd1f43b4 673B / 673B
2026-10-03T18:06:09.7914765Z #19 loading layer ad04a0307fc8 668B / 668B
2026-10-03T18:06:09.7915282Z #19 loading layer 5f70bf18a086 32B / 32B
2026-10-03T18:06:09.7915836Z #19 loading layer 96d20d6993d5 252B / 252B
2026-10-03T18:06:09.7916369Z #19 loading layer 3d84e705dfa7 98.30kB / 7.59MB
2026-10-03T18:06:09.7916921Z #19 loading layer 033c8c338fdc 98.30kB / 7.59MB
2026-10-03T18:06:09.9135168Z #19 loading layer 10690a8bcb54 557.06kB / 65.82MB
2026-10-03T18:06:11.5891179Z #19 loading layer 273e1864f256 814B / 814B
2026-10-03T18:06:11.8234462Z #19 loading layer e48af84b2108 29.14MB / 29.14MB 8.4s done
2026-10-03T18:06:11.8235272Z #19 loading layer cdfd07207704 3.52MB / 3.52MB 7.3s done
2026-10-03T18:06:11.8235974Z #19 loading layer 9577d71b6dde 13.67MB / 13.67MB 6.7s done
2026-10-03T18:06:11.8236403Z #19 loading layer 17851d4465ed 250B / 250B 6.1s done
2026-10-03T18:06:11.8236816Z #19 loading layer 2de40d7b9ac6 22.11MB / 22.11MB 6.1s done
2026-10-03T18:06:11.8237246Z #19 loading layer 9f4ee3750e0f 7.93MB / 7.93MB 5.8s done
2026-10-03T18:06:11.8237676Z #19 loading layer f5c2683e248b 33.74MB / 33.74MB 5.7s done
2026-10-03T18:06:11.8238108Z #19 loading layer 125d6f7bf2ef 4.14kB / 4.14kB 2.0s done
2026-10-03T18:06:11.8238845Z #19 loading layer d698fd1f43b4 673B / 673B 2.0s done
2026-10-03T18:06:11.8239252Z #19 loading layer ad04a0307fc8 668B / 668B 2.0s done
2026-10-03T18:06:11.8239900Z #19 loading layer 5f70bf18a086 32B / 32B 1.9s done
2026-10-03T18:06:11.8240321Z #19 loading layer 96d20d6993d5 252B / 252B 1.9s done
2026-10-03T18:06:11.8240727Z #19 loading layer 3d84e705dfa7 7.59MB / 7.59MB 1.9s done
2026-10-03T18:06:11.8241139Z #19 loading layer 033c8c338fdc 7.59MB / 7.59MB 1.8s done
2026-10-03T18:06:11.8241555Z #19 loading layer 10690a8bcb54 65.82MB / 65.82MB 1.7s done
2026-10-03T18:06:11.8241959Z #19 loading layer 273e1864f256 814B / 814B 0.0s done
2026-10-03T18:06:11.8242348Z #19 loading layer a2396ec6c90e 810B / 810B 0.0s done
2026-10-03T18:06:11.8242712Z #19 DONE 8.4s
2026-10-03T18:06:11.8242833Z 
2026-10-03T18:06:11.8242938Z #18 exporting to docker image format
2026-10-03T18:06:11.8243223Z #18 sending tarball 9.4s done
2026-10-03T18:06:11.8243513Z #18 DONE 15.9s
2026-10-03T18:06:11.8243630Z 
2026-10-03T18:06:11.8243747Z #20 exporting to GitHub Actions Cache
2026-10-03T18:06:11.8244049Z #20 preparing build cache for export done
2026-10-03T18:06:11.8244347Z #20 sending cache export
2026-10-03T18:06:11.8244759Z #20 writing layer sha256:0cb46a831f9814ce5879392c8c1e0d7d71853dae2f1a86e3635dc01ce5abb1c3
2026-10-03T18:06:15.9044252Z #20 writing layer sha256:0cb46a831f9814ce5879392c8c1e0d7d71853dae2f1a86e3635dc01ce5abb1c3 4.2s done
2026-10-03T18:06:16.0861701Z #20 writing layer sha256:15155ecba1d2995bdddf42e6eb67ef7a36eca6af3cbcb123114a6bb8da48ed03
2026-10-03T18:06:16.1260800Z #20 writing layer sha256:15155ecba1d2995bdddf42e6eb67ef7a36eca6af3cbcb123114a6bb8da48ed03 0.2s done
2026-10-03T18:06:16.3091846Z #20 writing layer sha256:15cd64fe88905b51cb962b7292879a5712ee311231690d5e0df8d74a75d68d3f
2026-10-03T18:06:16.8668246Z #20 writing layer sha256:15cd64fe88905b51cb962b7292879a5712ee311231690d5e0df8d74a75d68d3f 0.7s done
2026-10-03T18:06:17.0260840Z #20 writing layer sha256:17777b5f9216a3dc99daeb5d0d55932b25f3f664bf40add5d7341618db7052be 0.1s done
2026-10-03T18:06:17.2062259Z #20 writing layer sha256:322e9e97e47bc6b483f6658a018d5b1fbcac626debcc96684ef4311d2393b5c8
2026-10-03T18:06:18.0778049Z #20 writing layer sha256:322e9e97e47bc6b483f6658a018d5b1fbcac626debcc96684ef4311d2393b5c8 1.0s done
2026-10-03T18:06:18.2615609Z #20 writing layer sha256:4f4fb700ef54461cfa02571ae0db9a0dc1e0cdb5577484a6d75e68dc38e8acc1
2026-10-03T18:06:18.3195984Z #20 writing layer sha256:4f4fb700ef54461cfa02571ae0db9a0dc1e0cdb5577484a6d75e68dc38e8acc1 0.2s done
2026-10-03T18:06:18.5057264Z #20 writing layer sha256:5cc4a07ace156b7bdabc323167882e1ab5cb8c3d92bd49aac26c51ab4c3ad6e6
2026-10-03T18:06:19.7955416Z #20 writing layer sha256:5cc4a07ace156b7bdabc323167882e1ab5cb8c3d92bd49aac26c51ab4c3ad6e6 1.4s done
2026-10-03T18:06:19.9781850Z #20 writing layer sha256:6d9a325941747b045b9c0348abb21c7a0458768b7db09fe947b77ed05ea0d4a8
2026-10-03T18:06:20.0419030Z #20 writing layer sha256:6d9a325941747b045b9c0348abb21c7a0458768b7db09fe947b77ed05ea0d4a8 0.2s done
2026-10-03T18:06:20.2232725Z #20 writing layer sha256:81c0abc7bb04b148bea08d2bc91b7dc33b7b2305c607ca979c302baa3e4a4fc5
2026-10-03T18:06:21.7744176Z #20 writing layer sha256:81c0abc7bb04b148bea08d2bc91b7dc33b7b2305c607ca979c302baa3e4a4fc5 1.7s done
2026-10-03T18:06:21.9556156Z #20 writing layer sha256:8f80d51724cd7b9f9319bfff7b46c79a1f3e24cd9c71aae46a73b95aa35eee68
2026-10-03T18:06:21.9950849Z #20 writing layer sha256:8f80d51724cd7b9f9319bfff7b46c79a1f3e24cd9c71aae46a73b95aa35eee68 0.2s done
2026-10-03T18:06:22.1567593Z #20 writing layer sha256:9d94db7129e23c7688484d130863f027572c91eafbda3e1772ece619f7c8c7e6 0.1s done
2026-10-03T18:06:22.3398438Z #20 writing layer sha256:b7d56a5e6d15ecc9bc6aa4cb90a773fc13bcd5d541361da58a60171789a751c6 0.1s done
2026-10-03T18:06:22.5209196Z #20 writing layer sha256:ca40fdd08c87011e898082858056698007ff65a1b99ed784157add173261859a
2026-10-03T18:06:23.1328632Z #20 writing layer sha256:ca40fdd08c87011e898082858056698007ff65a1b99ed784157add173261859a 0.8s done
2026-10-03T18:06:23.3139322Z #20 writing layer sha256:df1bed159c406e9cc498e6241f6f8c558012932d80c914be0452f882238cd732
2026-10-03T18:06:25.5737938Z #20 writing layer sha256:df1bed159c406e9cc498e6241f6f8c558012932d80c914be0452f882238cd732 2.4s done
2026-10-03T18:06:25.7575615Z #20 writing layer sha256:f59651dbc0ea4d34347e36637f7143de9a2a05badade5b0bee87893c38ad739f
2026-10-03T18:06:26.1285361Z #20 writing layer sha256:f59651dbc0ea4d34347e36637f7143de9a2a05badade5b0bee87893c38ad739f 0.5s done
2026-10-03T18:06:26.3153778Z #20 writing layer sha256:fc6932c2e847069d3152ccff7c994a9cd5175bd0a1ac08082d4241dbf530388b
2026-10-03T18:06:27.0043218Z #20 writing layer sha256:fc6932c2e847069d3152ccff7c994a9cd5175bd0a1ac08082d4241dbf530388b 0.8s done
2026-10-03T18:06:27.1921382Z #20 writing layer sha256:fc89d37c1bf2aeab07f5df3093d989c0cbfe69cc945673683c5e569c886c42a6
2026-10-03T18:06:27.2568224Z #20 writing layer sha256:fc89d37c1bf2aeab07f5df3093d989c0cbfe69cc945673683c5e569c886c42a6 0.2s done
2026-10-03T18:06:27.4708912Z #20 sending cache export 15.8s done
2026-10-03T18:06:27.4709409Z #20 DONE 15.8s
2026-10-03T18:06:27.4969077Z 
2026-10-03T18:06:27.4969364Z #21 resolving provenance for metadata file
2026-10-03T18:06:27.4970032Z #21 DONE 0.0s
2026-10-03T18:06:27.5049759Z ##[group]ImageID
2026-10-03T18:06:27.5050739Z sha256:43676a1217ed0846ebf6c059f817c30c90d87812e428f92d82ce3ffff907d4fd
2026-10-03T18:06:27.5051704Z ##[endgroup]
2026-10-03T18:06:27.5052471Z ##[group]Digest
2026-10-03T18:06:27.5053161Z sha256:eae622d2b5628ec6d0c18e0ce61c1959e2241be64c35737d57d2960768e30b12
2026-10-03T18:06:27.5054070Z ##[endgroup]
2026-10-03T18:06:27.5054748Z ##[group]Metadata
2026-10-03T18:06:27.5060396Z {
2026-10-03T18:06:27.5090542Z   "buildx.build.provenance": {
2026-10-03T18:06:27.5091033Z     "builder": {
2026-10-03T18:06:27.5091734Z       "id": ""
2026-10-03T18:06:27.5092127Z     },
2026-10-03T18:06:27.5093941Z     "buildType": "https://mobyproject.org/buildkit@v1",
2026-10-03T18:06:27.5094448Z     "materials": [
2026-10-03T18:06:27.5094653Z       {
2026-10-03T18:06:27.5095580Z         "uri": "pkg:docker/cube-sandbox-cn.tencentcloudcr.com/cube-sandbox/sandbox-code@latest?platform=linux%2Famd64",
2026-10-03T18:06:27.5096372Z         "digest": {
2026-10-03T18:06:27.5096743Z           "sha256": "743d264fad8c9dc9a49f07e931166d24d025363360ae770ca4b70e3f19540944"
2026-10-03T18:06:27.5097181Z         }
2026-10-03T18:06:27.5097380Z       },
2026-10-03T18:06:27.5097554Z       {
2026-10-03T18:06:27.5097790Z         "uri": "pkg:docker/docker/dockerfile@1.7",
2026-10-03T18:06:27.5098103Z         "digest": {
2026-10-03T18:06:27.5098472Z           "sha256": "a57df69d0ea827fb7266491f2813635de6f17269be881f696fbfdf2d83dda33e"
2026-10-03T18:06:27.5098887Z         }
2026-10-03T18:06:27.5099064Z       },
2026-10-03T18:06:27.5099249Z       {
2026-10-03T18:06:27.5099881Z         "uri": "https://aio-static.tos-cn-beijing.volces.com/v0.9.2/linux-x86_64/SHA256SUMS",
2026-10-03T18:06:27.5100364Z         "digest": {
2026-10-03T18:06:27.5100705Z           "sha256": "7f3fa7b074d86b8f592aecb0663771156aa70a425b9d290ad3082be93cebf265"
2026-10-03T18:06:27.5101134Z         }
2026-10-03T18:06:27.5101305Z       },
2026-10-03T18:06:27.5101496Z       {
2026-10-03T18:06:27.5101868Z         "uri": "https://aio-static.tos-cn-beijing.volces.com/v0.9.2/linux-x86_64/aiod",
2026-10-03T18:06:27.5102297Z         "digest": {
2026-10-03T18:06:27.5102664Z           "sha256": "1f52cb04e3e6e9df42e0937db060b390c3220af49a14e17bee8696ab9f11faae"
2026-10-03T18:06:27.5103076Z         }
2026-10-03T18:06:27.5103265Z       }
2026-10-03T18:06:27.5103451Z     ],
2026-10-03T18:06:27.5103644Z     "invocation": {
2026-10-03T18:06:27.5103870Z       "configSource": {
2026-10-03T18:06:27.5104103Z         "entryPoint": "Dockerfile"
2026-10-03T18:06:27.5104362Z       },
2026-10-03T18:06:27.5104565Z       "parameters": {
2026-10-03T18:06:27.5104843Z         "frontend": "gateway.v0",
2026-10-03T18:06:27.5105099Z         "args": {
2026-10-03T18:06:27.5105337Z           "cmdline": "docker/dockerfile:1.7",
2026-10-03T18:06:27.5105871Z           "source": "docker/dockerfile:1.7"
2026-10-03T18:06:27.5106187Z         },
2026-10-03T18:06:27.5106367Z         "locals": [
2026-10-03T18:06:27.5106581Z           {
2026-10-03T18:06:27.5106785Z             "name": "context"
2026-10-03T18:06:27.5107034Z           },
2026-10-03T18:06:27.5107230Z           {
2026-10-03T18:06:27.5107415Z             "name": "dockerfile"
2026-10-03T18:06:27.5107659Z           }
2026-10-03T18:06:27.5107859Z         ],
2026-10-03T18:06:27.5108049Z         "root": {
2026-10-03T18:06:27.5108251Z           "configSource": {
2026-10-03T18:06:27.5108505Z             "path": "Dockerfile"
2026-10-03T18:06:27.5108751Z           },
2026-10-03T18:06:27.5108951Z           "request": {
2026-10-03T18:06:27.5109166Z             "args": {
2026-10-03T18:06:27.5109439Z               "vcs:localdir:context": "agent-infra/aio-code",
2026-10-03T18:06:27.5110068Z               "vcs:localdir:dockerfile": "agent-infra/aio-code",
2026-10-03T18:06:27.5110495Z               "vcs:revision": "c29905734ae6cfd76123cb6e1860666bf57eac06",
2026-10-03T18:06:27.5110971Z               "vcs:source": "https://github.com/otaku-say/cubesandbox-image"
2026-10-03T18:06:27.5111365Z             }
2026-10-03T18:06:27.5111570Z           }
2026-10-03T18:06:27.5111763Z         },
2026-10-03T18:06:27.5112158Z         "compatibilityVersion": 30
2026-10-03T18:06:27.5112397Z       },
2026-10-03T18:06:27.5112573Z       "environment": {
2026-10-03T18:06:27.5112792Z         "github_actor": "otaku-say",
2026-10-03T18:06:27.5113075Z         "github_actor_id": "62638354",
2026-10-03T18:06:27.5113332Z         "github_event_name": "push",
2026-10-03T18:06:27.5113613Z         "github_event_payload": {
2026-10-03T18:06:27.5113903Z           "after": "c29905734ae6cfd76123cb6e1860666bf57eac06",
2026-10-03T18:06:27.5114203Z           "base_ref": null,
2026-10-03T18:06:27.5114478Z           "before": "0000000000000000000000000000000000000000",
2026-10-03T18:06:27.5114761Z           "commits": [
2026-10-03T18:06:27.5114954Z             {
2026-10-03T18:06:27.5115160Z               "author": {
2026-10-03T18:06:27.5115527Z                 "email": "minis@local",
2026-10-03T18:06:27.5115955Z                 "name": "minis"
2026-10-03T18:06:27.5116270Z               },
2026-10-03T18:06:27.5116591Z               "committer": {
2026-10-03T18:06:27.5117110Z                 "email": "minis@local",
2026-10-03T18:06:27.5117624Z                 "name": "minis"
2026-10-03T18:06:27.5117918Z               },
2026-10-03T18:06:27.5118114Z               "distinct": true,
2026-10-03T18:06:27.5118380Z               "id": "c29905734ae6cfd76123cb6e1860666bf57eac06",
2026-10-03T18:06:27.5123372Z               "message": "feat(agent-infra/aio-code): 轻量代码沙箱——官方 sandbox-code 封装 AIO Daemon\n\n- base: 官方 cube-sandbox/sandbox-code（内置 envd + Python3.12 + Jupyter + E2B code-interpreter，层合计 ~110MB）\n- + aiod v0.9.2 单文件（musl 静态，SHA256 校验），默认 :18091，v1+v2 双面\n- + 必要工具（git/curl/jq/rg/tmux/procps/vim-tiny/tini/nodejs，--no-install-recommends 控体积）\n- 启动: tini → entrypoint-aio.sh（后台原服务树 + 受监管 aiod，任一退出整体退出）\n- 桥接: AIO_JUPYTER_ENDPOINT=127.0.0.1:8888（官方排障表：否则 /v1/jupyter 501）\n- 模板默认值标签 io.cubesandbox.template.*（49983,49999,18091 / probe 49983 /health / 10G / 2C/3G / alias aio-code）\n- README + build.sh + smoke-test.sh（6 项：envd/aiod 双面/执行面/能力面+doctor/Jupyter+工具/体积）",
2026-10-03T18:06:27.5127363Z               "timestamp": "2026-10-04T02:04:25+08:00",
2026-10-03T18:06:27.5127938Z               "tree_id": "2c1631c77ed4ee4cdceebb022eb267a532210cd8",
2026-10-03T18:06:27.5128913Z               "url": "https://github.com/otaku-say/cubesandbox-image/commit/c29905734ae6cfd76123cb6e1860666bf57eac06"
2026-10-03T18:06:27.5130107Z             }
2026-10-03T18:06:27.5130437Z           ],
2026-10-03T18:06:27.5131013Z           "compare": "https://github.com/otaku-say/cubesandbox-image/commit/c29905734ae6",
2026-10-03T18:06:27.5131739Z           "created": true,
2026-10-03T18:06:27.5132135Z           "deleted": false,
2026-10-03T18:06:27.5132534Z           "forced": false,
2026-10-03T18:06:27.5133198Z           "head_commit": {
2026-10-03T18:06:27.5133652Z             "author": {
2026-10-03T18:06:27.5134104Z               "email": "minis@local",
2026-10-03T18:06:27.5134577Z               "name": "minis"
2026-10-03T18:06:27.5134987Z             },
2026-10-03T18:06:27.5135357Z             "committer": {
2026-10-03T18:06:27.5135781Z               "email": "minis@local",
2026-10-03T18:06:27.5136241Z               "name": "minis"
2026-10-03T18:06:27.5136636Z             },
2026-10-03T18:06:27.5136988Z             "distinct": true,
2026-10-03T18:06:27.5137496Z             "id": "c29905734ae6cfd76123cb6e1860666bf57eac06",
2026-10-03T18:06:27.5142929Z             "message": "feat(agent-infra/aio-code): 轻量代码沙箱——官方 sandbox-code 封装 AIO Daemon\n\n- base: 官方 cube-sandbox/sandbox-code（内置 envd + Python3.12 + Jupyter + E2B code-interpreter，层合计 ~110MB）\n- + aiod v0.9.2 单文件（musl 静态，SHA256 校验），默认 :18091，v1+v2 双面\n- + 必要工具（git/curl/jq/rg/tmux/procps/vim-tiny/tini/nodejs，--no-install-recommends 控体积）\n- 启动: tini → entrypoint-aio.sh（后台原服务树 + 受监管 aiod，任一退出整体退出）\n- 桥接: AIO_JUPYTER_ENDPOINT=127.0.0.1:8888（官方排障表：否则 /v1/jupyter 501）\n- 模板默认值标签 io.cubesandbox.template.*（49983,49999,18091 / probe 49983 /health / 10G / 2C/3G / alias aio-code）\n- README + build.sh + smoke-test.sh（6 项：envd/aiod 双面/执行面/能力面+doctor/Jupyter+工具/体积）",
2026-10-03T18:06:27.5147159Z             "timestamp": "2026-10-04T02:04:25+08:00",
2026-10-03T18:06:27.5147826Z             "tree_id": "2c1631c77ed4ee4cdceebb022eb267a532210cd8",
2026-10-03T18:06:27.5148822Z             "url": "https://github.com/otaku-say/cubesandbox-image/commit/c29905734ae6cfd76123cb6e1860666bf57eac06"
2026-10-03T18:06:27.5149973Z           },
2026-10-03T18:06:27.5150333Z           "pusher": {
2026-10-03T18:06:27.5150865Z             "email": "62638354+otaku-say@users.noreply.github.com",
2026-10-03T18:06:27.5151481Z             "name": "otaku-say"
2026-10-03T18:06:27.5151898Z           },
2026-10-03T18:06:27.5152279Z           "ref": "refs/heads/feat/aio-code",
2026-10-03T18:06:27.5152805Z           "repository": {
2026-10-03T18:06:27.5153237Z             "allow_forking": true,
2026-10-03T18:06:27.5154157Z             "archive_url": "https://api.github.com/repos/otaku-say/cubesandbox-image/{archive_format}{/ref}",
2026-10-03T18:06:27.5155029Z             "archived": false,
2026-10-03T18:06:27.5155848Z             "assignees_url": "https://api.github.com/repos/otaku-say/cubesandbox-image/assignees{/user}",
2026-10-03T18:06:27.5157116Z             "blobs_url": "https://api.github.com/repos/otaku-say/cubesandbox-image/git/blobs{/sha}",
2026-10-03T18:06:27.5158260Z             "branches_url": "https://api.github.com/repos/otaku-say/cubesandbox-image/branches{/branch}",
2026-10-03T18:06:27.5159327Z             "clone_url": "https://github.com/otaku-say/cubesandbox-image.git",
2026-10-03T18:06:27.5160751Z             "collaborators_url": "https://api.github.com/repos/otaku-say/cubesandbox-image/collaborators{/collaborator}",
2026-10-03T18:06:27.5162083Z             "comments_url": "https://api.github.com/repos/otaku-say/cubesandbox-image/comments{/number}",
2026-10-03T18:06:27.5163268Z             "commits_url": "https://api.github.com/repos/otaku-say/cubesandbox-image/commits{/sha}",
2026-10-03T18:06:27.5164476Z             "compare_url": "https://api.github.com/repos/otaku-say/cubesandbox-image/compare/{base}...{head}",
2026-10-03T18:06:27.5165756Z             "contents_url": "https://api.github.com/repos/otaku-say/cubesandbox-image/contents/{+path}",
2026-10-03T18:06:27.5166903Z             "contributors_url": "https://api.github.com/repos/otaku-say/cubesandbox-image/contributors",
2026-10-03T18:06:27.5167647Z             "created_at": 1790939425,
2026-10-03T18:06:27.5168212Z             "default_branch": "main",
2026-10-03T18:06:27.5168948Z             "deployments_url": "https://api.github.com/repos/otaku-say/cubesandbox-image/deployments",
2026-10-03T18:06:27.5170369Z             "description": "CubeSandbox 镜像构建仓库：每个上游一个目录（<org>/<project>），产出 ghcr.io/<owner>/cubesandbox-image/<org>/<project>:latest",
2026-10-03T18:06:27.5171079Z             "disabled": false,
2026-10-03T18:06:27.5171520Z             "downloads_url": "https://api.github.com/repos/otaku-say/cubesandbox-image/downloads",
2026-10-03T18:06:27.5172127Z             "events_url": "https://api.github.com/repos/otaku-say/cubesandbox-image/events",
2026-10-03T18:06:27.5172551Z             "fork": false,
2026-10-03T18:06:27.5172776Z             "forks": 0,
2026-10-03T18:06:27.5172991Z             "forks_count": 0,
2026-10-03T18:06:27.5173359Z             "forks_url": "https://api.github.com/repos/otaku-say/cubesandbox-image/forks",
2026-10-03T18:06:27.5173803Z             "full_name": "otaku-say/cubesandbox-image",
2026-10-03T18:06:27.5174310Z             "git_commits_url": "https://api.github.com/repos/otaku-say/cubesandbox-image/git/commits{/sha}",
2026-10-03T18:06:27.5174944Z             "git_refs_url": "https://api.github.com/repos/otaku-say/cubesandbox-image/git/refs{/sha}",
2026-10-03T18:06:27.5175553Z             "git_tags_url": "https://api.github.com/repos/otaku-say/cubesandbox-image/git/tags{/sha}",
2026-10-03T18:06:27.5176074Z             "git_url": "git://github.com/otaku-say/cubesandbox-image.git",
2026-10-03T18:06:27.5176444Z             "has_discussions": false,
2026-10-03T18:06:27.5176704Z             "has_downloads": true,
2026-10-03T18:06:27.5177064Z             "has_issues": true,
2026-10-03T18:06:27.5177297Z             "has_pages": false,
2026-10-03T18:06:27.5177533Z             "has_projects": true,
2026-10-03T18:06:27.5177787Z             "has_pull_requests": true,
2026-10-03T18:06:27.5178040Z             "has_wiki": false,
2026-10-03T18:06:27.5178269Z             "homepage": null,
2026-10-03T18:06:27.5178638Z             "hooks_url": "https://api.github.com/repos/otaku-say/cubesandbox-image/hooks",
2026-10-03T18:06:27.5179127Z             "html_url": "https://github.com/otaku-say/cubesandbox-image",
2026-10-03T18:06:27.5179474Z             "id": 1401549935,
2026-10-03T18:06:27.5179949Z             "is_template": false,
2026-10-03T18:06:27.5180433Z             "issue_comment_url": "https://api.github.com/repos/otaku-say/cubesandbox-image/issues/comments{/number}",
2026-10-03T18:06:27.5181152Z             "issue_events_url": "https://api.github.com/repos/otaku-say/cubesandbox-image/issues/events{/number}",
2026-10-03T18:06:27.5181811Z             "issues_url": "https://api.github.com/repos/otaku-say/cubesandbox-image/issues{/number}",
2026-10-03T18:06:27.5182400Z             "keys_url": "https://api.github.com/repos/otaku-say/cubesandbox-image/keys{/key_id}",
2026-10-03T18:06:27.5182974Z             "labels_url": "https://api.github.com/repos/otaku-say/cubesandbox-image/labels{/name}",
2026-10-03T18:06:27.5183410Z             "language": "Python",
2026-10-03T18:06:27.5183845Z             "languages_url": "https://api.github.com/repos/otaku-say/cubesandbox-image/languages",
2026-10-03T18:06:27.5184283Z             "license": null,
2026-10-03T18:06:27.5184523Z             "master_branch": "main",
2026-10-03T18:06:27.5184920Z             "merges_url": "https://api.github.com/repos/otaku-say/cubesandbox-image/merges",
2026-10-03T18:06:27.5185533Z             "milestones_url": "https://api.github.com/repos/otaku-say/cubesandbox-image/milestones{/number}",
2026-10-03T18:06:27.5186007Z             "mirror_url": null,
2026-10-03T18:06:27.5186263Z             "name": "cubesandbox-image",
2026-10-03T18:06:27.5186544Z             "node_id": "R_kgDOU4n0bw",
2026-10-03T18:06:27.5187119Z             "notifications_url": "https://api.github.com/repos/otaku-say/cubesandbox-image/notifications{?since,all,participating}",
2026-10-03T18:06:27.5187699Z             "open_issues": 0,
2026-10-03T18:06:27.5187940Z             "open_issues_count": 0,
2026-10-03T18:06:27.5188180Z             "owner": {
2026-10-03T18:06:27.5188507Z               "avatar_url": "https://avatars.githubusercontent.com/u/62638354?v=4",
2026-10-03T18:06:27.5188957Z               "email": "62638354+otaku-say@users.noreply.github.com",
2026-10-03T18:06:27.5189526Z               "events_url": "https://api.github.com/users/otaku-say/events{/privacy}",
2026-10-03T18:06:27.5190263Z               "followers_url": "https://api.github.com/users/otaku-say/followers",
2026-10-03T18:06:27.5190783Z               "following_url": "https://api.github.com/users/otaku-say/following{/other_user}",
2026-10-03T18:06:27.5191308Z               "gists_url": "https://api.github.com/users/otaku-say/gists{/gist_id}",
2026-10-03T18:06:27.5191685Z               "gravatar_id": "",
2026-10-03T18:06:27.5191963Z               "html_url": "https://github.com/otaku-say",
2026-10-03T18:06:27.5192254Z               "id": 62638354,
2026-10-03T18:06:27.5192486Z               "login": "otaku-say",
2026-10-03T18:06:27.5192730Z               "name": "otaku-say",
2026-10-03T18:06:27.5192995Z               "node_id": "MDQ6VXNlcjYyNjM4MzU0",
2026-10-03T18:06:27.5193378Z               "organizations_url": "https://api.github.com/users/otaku-say/orgs",
2026-10-03T18:06:27.5193896Z               "received_events_url": "https://api.github.com/users/otaku-say/received_events",
2026-10-03T18:06:27.5194393Z               "repos_url": "https://api.github.com/users/otaku-say/repos",
2026-10-03T18:06:27.5194739Z               "site_admin": false,
2026-10-03T18:06:27.5195115Z               "starred_url": "https://api.github.com/users/otaku-say/starred{/owner}{/repo}",
2026-10-03T18:06:27.5195779Z               "subscriptions_url": "https://api.github.com/users/otaku-say/subscriptions",
2026-10-03T18:06:27.5196179Z               "type": "User",
2026-10-03T18:06:27.5196454Z               "url": "https://api.github.com/users/otaku-say",
2026-10-03T18:06:27.5196770Z               "user_view_type": "public"
2026-10-03T18:06:27.5197020Z             },
2026-10-03T18:06:27.5197214Z             "private": false,
2026-10-03T18:06:27.5197472Z             "pull_request_creation_policy": "all",
2026-10-03T18:06:27.5197939Z             "pulls_url": "https://api.github.com/repos/otaku-say/cubesandbox-image/pulls{/number}",
2026-10-03T18:06:27.5198388Z             "pushed_at": 1791050667,
2026-10-03T18:06:27.5198813Z             "releases_url": "https://api.github.com/repos/otaku-say/cubesandbox-image/releases{/id}",
2026-10-03T18:06:27.5199253Z             "size": 64,
2026-10-03T18:06:27.5199741Z             "ssh_url": "git@github.com:otaku-say/cubesandbox-image.git",
2026-10-03T18:06:27.5200170Z             "stargazers": 0,
2026-10-03T18:06:27.5200414Z             "stargazers_count": 0,
2026-10-03T18:06:27.5200846Z             "stargazers_url": "https://api.github.com/repos/otaku-say/cubesandbox-image/stargazers",
2026-10-03T18:06:27.5201471Z             "statuses_url": "https://api.github.com/repos/otaku-say/cubesandbox-image/statuses/{sha}",
2026-10-03T18:06:27.5202087Z             "subscribers_url": "https://api.github.com/repos/otaku-say/cubesandbox-image/subscribers",
2026-10-03T18:06:27.5202719Z             "subscription_url": "https://api.github.com/repos/otaku-say/cubesandbox-image/subscription",
2026-10-03T18:06:27.5203250Z             "svn_url": "https://github.com/otaku-say/cubesandbox-image",
2026-10-03T18:06:27.5203710Z             "tags_url": "https://api.github.com/repos/otaku-say/cubesandbox-image/tags",
2026-10-03T18:06:27.5204229Z             "teams_url": "https://api.github.com/repos/otaku-say/cubesandbox-image/teams",
2026-10-03T18:06:27.5204628Z             "topics": [
2026-10-03T18:06:27.5204870Z               "agent-infra",
2026-10-03T18:06:27.5205098Z               "cubesandbox",
2026-10-03T18:06:27.5205320Z               "docker",
2026-10-03T18:06:27.5205515Z               "ghcr",
2026-10-03T18:06:27.5205713Z               "sandbox"
2026-10-03T18:06:27.5205903Z             ],
2026-10-03T18:06:27.5206261Z             "trees_url": "https://api.github.com/repos/otaku-say/cubesandbox-image/git/trees{/sha}",
2026-10-03T18:06:27.5206711Z             "updated_at": "2026-10-03T10:20:13Z",
2026-10-03T18:06:27.5207080Z             "url": "https://api.github.com/repos/otaku-say/cubesandbox-image",
2026-10-03T18:06:27.5207453Z             "visibility": "public",
2026-10-03T18:06:27.5207852Z             "watchers": 0,
2026-10-03T18:06:27.5208086Z             "watchers_count": 0,
2026-10-03T18:06:27.5208349Z             "web_commit_signoff_required": false
2026-10-03T18:06:27.5208614Z           },
2026-10-03T18:06:27.5208799Z           "sender": {
2026-10-03T18:06:27.5209120Z             "avatar_url": "https://avatars.githubusercontent.com/u/62638354?v=4",
2026-10-03T18:06:27.5209852Z             "events_url": "https://api.github.com/users/otaku-say/events{/privacy}",
2026-10-03T18:06:27.5210360Z             "followers_url": "https://api.github.com/users/otaku-say/followers",
2026-10-03T18:06:27.5210870Z             "following_url": "https://api.github.com/users/otaku-say/following{/other_user}",
2026-10-03T18:06:27.5211378Z             "gists_url": "https://api.github.com/users/otaku-say/gists{/gist_id}",
2026-10-03T18:06:27.5211749Z             "gravatar_id": "",
2026-10-03T18:06:27.5212023Z             "html_url": "https://github.com/otaku-say",
2026-10-03T18:06:27.5212316Z             "id": 62638354,
2026-10-03T18:06:27.5212542Z             "login": "otaku-say",
2026-10-03T18:06:27.5212805Z             "node_id": "MDQ6VXNlcjYyNjM4MzU0",
2026-10-03T18:06:27.5213185Z             "organizations_url": "https://api.github.com/users/otaku-say/orgs",
2026-10-03T18:06:27.5213832Z             "received_events_url": "https://api.github.com/users/otaku-say/received_events",
2026-10-03T18:06:27.5214318Z             "repos_url": "https://api.github.com/users/otaku-say/repos",
2026-10-03T18:06:27.5214662Z             "site_admin": false,
2026-10-03T18:06:27.5215035Z             "starred_url": "https://api.github.com/users/otaku-say/starred{/owner}{/repo}",
2026-10-03T18:06:27.5215574Z             "subscriptions_url": "https://api.github.com/users/otaku-say/subscriptions",
2026-10-03T18:06:27.5215968Z             "type": "User",
2026-10-03T18:06:27.5216234Z             "url": "https://api.github.com/users/otaku-say",
2026-10-03T18:06:27.5216546Z             "user_view_type": "public"
2026-10-03T18:06:27.5216792Z           }
2026-10-03T18:06:27.5216966Z         },
2026-10-03T18:06:27.5217152Z         "github_job": "build",
2026-10-03T18:06:27.5217406Z         "github_ref": "refs/heads/feat/aio-code",
2026-10-03T18:06:27.5217698Z         "github_ref_name": "feat/aio-code",
2026-10-03T18:06:27.5217977Z         "github_ref_protected": "false",
2026-10-03T18:06:27.5218247Z         "github_ref_type": "branch",
2026-10-03T18:06:27.5218544Z         "github_repository": "otaku-say/cubesandbox-image",
2026-10-03T18:06:27.5218865Z         "github_repository_id": "1401549935",
2026-10-03T18:06:27.5219151Z         "github_repository_owner": "otaku-say",
2026-10-03T18:06:27.5219445Z         "github_repository_owner_id": "62638354",
2026-10-03T18:06:27.5219966Z         "github_run_attempt": "1",
2026-10-03T18:06:27.5220219Z         "github_run_id": "37142844338",
2026-10-03T18:06:27.5220471Z         "github_run_number": "10",
2026-10-03T18:06:27.5220715Z         "github_runner_arch": "X64",
2026-10-03T18:06:27.5221002Z         "github_runner_environment": "github-hosted",
2026-10-03T18:06:27.5221314Z         "github_runner_image_os": "ubuntu24",
2026-10-03T18:06:27.5221617Z         "github_runner_image_version": "20260927.320.1",
2026-10-03T18:06:27.5221946Z         "github_runner_name": "GitHub Actions 1000000529",
2026-10-03T18:06:27.5222250Z         "github_runner_os": "Linux",
2026-10-03T18:06:27.5222615Z         "github_runner_tracking_id": "github_5bb6709e-984b-4b87-809c-ffd7b20999bd",
2026-10-03T18:06:27.5223031Z         "github_server_url": "https://github.com",
2026-10-03T18:06:27.5223344Z         "github_triggering_actor": "otaku-say",
2026-10-03T18:06:27.5223641Z         "github_workflow": "Branch Build (test)",
2026-10-03T18:06:27.5224190Z         "github_workflow_ref": "otaku-say/cubesandbox-image/.github/workflows/branch-build.yml@refs/heads/feat/aio-code",
2026-10-03T18:06:27.5224815Z         "github_workflow_sha": "c29905734ae6cfd76123cb6e1860666bf57eac06",
2026-10-03T18:06:27.5225299Z         "platform": "linux/amd64"
2026-10-03T18:06:27.5225539Z       }
2026-10-03T18:06:27.5225708Z     }
2026-10-03T18:06:27.5225876Z   },
2026-10-03T18:06:27.5226430Z   "buildx.build.ref": "builder-5f453d1b-ebab-4e9c-b908-196e8a6bd787/builder-5f453d1b-ebab-4e9c-b908-196e8a6bd7870/ikg3zrglm0uzqvo0k6lnpuakm",
2026-10-03T18:06:27.5227311Z   "containerimage.config.digest": "sha256:43676a1217ed0846ebf6c059f817c30c90d87812e428f92d82ce3ffff907d4fd",
2026-10-03T18:06:27.5227827Z   "containerimage.descriptor": {
2026-10-03T18:06:27.5228157Z     "mediaType": "application/vnd.oci.image.manifest.v1+json",
2026-10-03T18:06:27.5228651Z     "digest": "sha256:eae622d2b5628ec6d0c18e0ce61c1959e2241be64c35737d57d2960768e30b12",
2026-10-03T18:06:27.5229061Z     "size": 3527,
2026-10-03T18:06:27.5229258Z     "annotations": {
2026-10-03T18:06:27.5229739Z       "org.opencontainers.image.created": "2026-10-03T18:06:02Z"
2026-10-03T18:06:27.5230079Z     },
2026-10-03T18:06:27.5230259Z     "platform": {
2026-10-03T18:06:27.5230478Z       "architecture": "amd64",
2026-10-03T18:06:27.5230710Z       "os": "linux"
2026-10-03T18:06:27.5230898Z     }
2026-10-03T18:06:27.5231065Z   },
2026-10-03T18:06:27.5231456Z   "containerimage.digest": "sha256:eae622d2b5628ec6d0c18e0ce61c1959e2241be64c35737d57d2960768e30b12",
2026-10-03T18:06:27.5232131Z   "image.name": "docker.io/csi-test/agent-infra/aio-code:test"
2026-10-03T18:06:27.5232447Z }
2026-10-03T18:06:27.5232973Z ##[endgroup]
2026-10-03T18:06:27.5233699Z ##[group]Reference
2026-10-03T18:06:27.5234388Z builder-5f453d1b-ebab-4e9c-b908-196e8a6bd787/builder-5f453d1b-ebab-4e9c-b908-196e8a6bd7870/ikg3zrglm0uzqvo0k6lnpuakm
2026-10-03T18:06:27.5235103Z ##[endgroup]
2026-10-03T18:06:27.5235447Z ##[group]Check build summary support
2026-10-03T18:06:27.5235854Z Build summary supported!
2026-10-03T18:06:27.5236211Z ##[endgroup]
2026-10-03T18:06:27.5267200Z ##[group]Run set -euo pipefail
2026-10-03T18:06:27.5267533Z [36;1mset -euo pipefail[0m
2026-10-03T18:06:27.5267859Z [36;1mif [ -x "agent-infra/aio-code/smoke-test.sh" ]; then[0m
2026-10-03T18:06:27.5268358Z [36;1m  bash "agent-infra/aio-code/smoke-test.sh" "csi-test/agent-infra/aio-code:test"[0m
2026-10-03T18:06:27.5268771Z [36;1melse[0m
2026-10-03T18:06:27.5269000Z [36;1m  echo "（该目录未提供 smoke-test.sh，跳过）"[0m
2026-10-03T18:06:27.5269286Z [36;1mfi[0m
2026-10-03T18:06:27.5333185Z shell: /usr/bin/bash -e {0}
2026-10-03T18:06:27.5333441Z ##[endgroup]
2026-10-03T18:06:27.5410321Z （该目录未提供 smoke-test.sh，跳过）
2026-10-03T18:06:27.5437648Z ##[group]Run set -euo pipefail
2026-10-03T18:06:27.5437968Z [36;1mset -euo pipefail[0m
2026-10-03T18:06:27.5441036Z [36;1mecho "***" | docker login ghcr.io -u "otaku-say" --password-stdin[0m
2026-10-03T18:06:27.5441599Z [36;1mdst="ghcr.io/otaku-say/cubesandbox-image/agent-infra/aio-code:test"[0m
2026-10-03T18:06:27.5442101Z [36;1mdocker tag "csi-test/agent-infra/aio-code:test" "${dst}"[0m
2026-10-03T18:06:27.5442467Z [36;1mdocker push "${dst}"[0m
2026-10-03T18:06:27.5442719Z [36;1mecho "已推送 ${dst}"[0m
2026-10-03T18:06:27.5498242Z shell: /usr/bin/bash -e {0}
2026-10-03T18:06:27.5498506Z ##[endgroup]
2026-10-03T18:06:27.8340447Z 
2026-10-03T18:06:27.8341000Z Login Succeeded
2026-10-03T18:06:27.8341931Z WARNING! Your credentials are stored unencrypted in '/home/runner/.docker/config.json'.
2026-10-03T18:06:27.8343374Z Configure a credential helper to remove this warning. See
2026-10-03T18:06:27.8344585Z https://docs.docker.com/go/credential-store/
2026-10-03T18:06:27.8345190Z 
2026-10-03T18:06:27.8678369Z The push refers to repository [ghcr.io/otaku-say/cubesandbox-image/agent-infra/aio-code]
2026-10-03T18:06:27.9316302Z a2396ec6c90e: Preparing
2026-10-03T18:06:27.9316735Z 273e1864f256: Preparing
2026-10-03T18:06:27.9317581Z 10690a8bcb54: Preparing
2026-10-03T18:06:27.9317916Z 033c8c338fdc: Preparing
2026-10-03T18:06:27.9318422Z 3d84e705dfa7: Preparing
2026-10-03T18:06:27.9318641Z 96d20d6993d5: Preparing
2026-10-03T18:06:27.9318867Z 5f70bf18a086: Preparing
2026-10-03T18:06:27.9319086Z ad04a0307fc8: Preparing
2026-10-03T18:06:27.9319298Z d698fd1f43b4: Preparing
2026-10-03T18:06:27.9319504Z 125d6f7bf2ef: Preparing
2026-10-03T18:06:27.9319935Z f5c2683e248b: Preparing
2026-10-03T18:06:27.9320141Z 9f4ee3750e0f: Preparing
2026-10-03T18:06:27.9320346Z 2de40d7b9ac6: Preparing
2026-10-03T18:06:27.9320581Z 17851d4465ed: Preparing
2026-10-03T18:06:27.9320782Z 9577d71b6dde: Preparing
2026-10-03T18:06:27.9320991Z cdfd07207704: Preparing
2026-10-03T18:06:27.9321207Z e48af84b2108: Preparing
2026-10-03T18:06:27.9321414Z 96d20d6993d5: Waiting
2026-10-03T18:06:27.9321615Z 5f70bf18a086: Waiting
2026-10-03T18:06:27.9321813Z 9f4ee3750e0f: Waiting
2026-10-03T18:06:27.9322005Z ad04a0307fc8: Waiting
2026-10-03T18:06:27.9322199Z d698fd1f43b4: Waiting
2026-10-03T18:06:27.9322391Z 125d6f7bf2ef: Waiting
2026-10-03T18:06:27.9322586Z 2de40d7b9ac6: Waiting
2026-10-03T18:06:27.9322778Z f5c2683e248b: Waiting
2026-10-03T18:06:27.9322976Z 9577d71b6dde: Waiting
2026-10-03T18:06:27.9323167Z cdfd07207704: Waiting
2026-10-03T18:06:27.9323355Z e48af84b2108: Waiting
2026-10-03T18:06:29.5941820Z a2396ec6c90e: Pushed
2026-10-03T18:06:29.6492762Z 273e1864f256: Pushed
2026-10-03T18:06:30.1721749Z 5f70bf18a086: Mounted from github/gh-aw-mcpg
2026-10-03T18:06:30.5702744Z 033c8c338fdc: Pushed
2026-10-03T18:06:30.5767049Z 3d84e705dfa7: Pushed
2026-10-03T18:06:31.1247910Z 96d20d6993d5: Pushed
2026-10-03T18:06:31.6493949Z ad04a0307fc8: Pushed
2026-10-03T18:06:32.0934139Z d698fd1f43b4: Pushed
2026-10-03T18:06:32.1183385Z 125d6f7bf2ef: Pushed
2026-10-03T18:06:33.1080399Z 17851d4465ed: Pushed
2026-10-03T18:06:33.9234526Z 9f4ee3750e0f: Pushed
2026-10-03T18:06:35.8582546Z cdfd07207704: Pushed
2026-10-03T18:06:36.0014397Z 2de40d7b9ac6: Pushed
2026-10-03T18:06:36.2209351Z 9577d71b6dde: Pushed
2026-10-03T18:06:38.5421588Z f5c2683e248b: Pushed
2026-10-03T18:06:38.6070233Z 10690a8bcb54: Pushed
2026-10-03T18:06:39.8631509Z e48af84b2108: Pushed
2026-10-03T18:06:41.8320396Z test: digest: sha256:4249847af4e6533c8ec0f998140b66d8210685e49b0df8d9e95b50ccc982d701 size: 3878
2026-10-03T18:06:41.8343693Z 已推送 ghcr.io/otaku-say/cubesandbox-image/agent-infra/aio-code:test
2026-10-03T18:06:41.8377620Z ##[group]Run {
2026-10-03T18:06:41.8377878Z [36;1m{[0m
2026-10-03T18:06:41.8378097Z [36;1m  echo "### agent-infra/aio-code"[0m
2026-10-03T18:06:41.8378379Z [36;1m  echo ""[0m
2026-10-03T18:06:41.8378613Z [36;1m  echo "- 冒烟测试：通过"[0m
2026-10-03T18:06:41.8379021Z [36;1m  echo "- 试构建标签：\`ghcr.io/otaku-say/cubesandbox-image/agent-infra/aio-code:test\`"[0m
2026-10-03T18:06:41.8379479Z [36;1m} >> "$GITHUB_STEP_SUMMARY"[0m
2026-10-03T18:06:41.8442278Z shell: /usr/bin/bash -e {0}
2026-10-03T18:06:41.8442540Z ##[endgroup]
2026-10-03T18:06:41.8618430Z Post job cleanup.
2026-10-03T18:06:42.0994247Z ##[group]Generating build summary
2026-10-03T18:06:42.0999436Z exporting build record to /home/runner/work/_temp/docker-actions-toolkit-yLOcV0/export
2026-10-03T18:06:42.1013317Z (node:8770) [DEP0040] DeprecationWarning: The `punycode` module is deprecated. Please use a userland alternative instead.
2026-10-03T18:06:42.1014256Z (Use `node --trace-deprecation ...` to show where the warning was created)
2026-10-03T18:06:42.2940268Z [command]/usr/bin/docker buildx history export --builder builder-5f453d1b-ebab-4e9c-b908-196e8a6bd787 --output /home/runner/work/_temp/docker-actions-toolkit-yLOcV0/export/otaku-say~cubesandbox-image~IKG3ZR.dockerbuild ikg3zrglm0uzqvo0k6lnpuakm --finalize
2026-10-03T18:06:42.5098217Z Build record written to /home/runner/work/_temp/docker-actions-toolkit-yLOcV0/export/otaku-say~cubesandbox-image~IKG3ZR.dockerbuild (63.39 KB)
2026-10-03T18:06:42.5122864Z Uploading otaku-say~cubesandbox-image~IKG3ZR.dockerbuild to blob storage
2026-10-03T18:06:42.7473193Z Beginning upload of artifact content to blob storage
2026-10-03T18:06:42.7561666Z (node:8770) [DEP0169] DeprecationWarning: `url.parse()` behavior is not standardized and prone to errors that have security implications. Use the WHATWG URL API instead. CVEs are not issued for `url.parse()` vulnerabilities.
2026-10-03T18:06:42.7571545Z Uploaded bytes 64907
2026-10-03T18:06:42.8966164Z Finished uploading artifact content to blob storage!
2026-10-03T18:06:42.8971469Z SHA256 hash of uploaded artifact is 690f7482d4306ac3c477fc9010909c6d4483754de3861dad671d21e5c7616094
2026-10-03T18:06:42.8973184Z Finalizing artifact upload
2026-10-03T18:06:43.1719710Z Artifact successfully finalized (11281295981)
2026-10-03T18:06:43.1721933Z Artifact download URL: https://github.com/otaku-say/cubesandbox-image/actions/runs/37142844338/artifacts/11281295981
2026-10-03T18:06:43.1750983Z Writing summary
2026-10-03T18:06:43.1764139Z ##[endgroup]
2026-10-03T18:06:43.1764999Z ##[group]Removing temp folder /home/runner/work/_temp/docker-actions-toolkit-8671dv
2026-10-03T18:06:43.1768937Z ##[endgroup]
2026-10-03T18:06:43.1769721Z ##[group]Post cache
2026-10-03T18:06:43.1771453Z State not set
2026-10-03T18:06:43.1772063Z ##[endgroup]
2026-10-03T18:06:43.1928792Z Post job cleanup.
2026-10-03T18:06:43.4414038Z ##[group]Removing builder
2026-10-03T18:06:43.4421448Z (node:8919) [DEP0040] DeprecationWarning: The `punycode` module is deprecated. Please use a userland alternative instead.
2026-10-03T18:06:43.4422371Z (Use `node --trace-deprecation ...` to show where the warning was created)
2026-10-03T18:06:43.5489228Z [command]/usr/bin/docker buildx rm builder-5f453d1b-ebab-4e9c-b908-196e8a6bd787
2026-10-03T18:06:45.4082671Z builder-5f453d1b-ebab-4e9c-b908-196e8a6bd787 removed
2026-10-03T18:06:45.4116901Z ##[endgroup]
2026-10-03T18:06:45.4117422Z ##[group]Cleaning up certificates
2026-10-03T18:06:45.4119334Z ##[endgroup]
2026-10-03T18:06:45.4120741Z ##[group]Post cache
2026-10-03T18:06:45.4123122Z State not set
2026-10-03T18:06:45.4123824Z ##[endgroup]
2026-10-03T18:06:45.4290286Z Post job cleanup.
2026-10-03T18:06:45.5162190Z [command]/usr/bin/git version
2026-10-03T18:06:45.5208875Z git version 2.55.0
2026-10-03T18:06:45.5320940Z Temporarily overriding HOME='/home/runner/work/_temp/5081feca-d4fc-4f40-8e16-3cd93b29849a' before making global git config changes
2026-10-03T18:06:45.5324040Z Adding repository directory to the temporary git global config as a safe directory
2026-10-03T18:06:45.5324874Z [command]/usr/bin/git config --global --add safe.directory /home/runner/work/cubesandbox-image/cubesandbox-image
2026-10-03T18:06:45.5385775Z [command]/usr/bin/git config --local --name-only --get-regexp core\.sshCommand
2026-10-03T18:06:45.5387777Z [command]/usr/bin/git submodule foreach --recursive sh -c "git config --local --name-only --get-regexp 'core\.sshCommand' && git config --local --unset-all 'core.sshCommand' || :"
2026-10-03T18:06:45.5645399Z [command]/usr/bin/git config --local --name-only --get-regexp http\.https\:\/\/github\.com\/\.extraheader
2026-10-03T18:06:45.5688117Z http.https://github.com/.extraheader
2026-10-03T18:06:45.5710486Z [command]/usr/bin/git config --local --unset-all http.https://github.com/.extraheader
2026-10-03T18:06:45.5747634Z [command]/usr/bin/git submodule foreach --recursive sh -c "git config --local --name-only --get-regexp 'http\.https\:\/\/github\.com\/\.extraheader' && git config --local --unset-all 'http.https://github.com/.extraheader' || :"
2026-10-03T18:06:45.6069320Z [command]/usr/bin/git config --local --name-only --get-regexp ^includeIf\.gitdir:
2026-10-03T18:06:45.6097761Z [command]/usr/bin/git submodule foreach --recursive git config --local --show-origin --name-only --get-regexp remote.origin.url
2026-10-03T18:06:45.6502226Z Cleaning up orphan processes
2026-10-03T18:06:45.6815263Z ##[warning]Node.js 20 is deprecated. The following actions target Node.js 20 but are being forced to run on Node.js 24: actions/checkout@v4, docker/build-push-action@v6, docker/setup-buildx-action@v3. For more information see: https://github.blog/changelog/2025-09-19-deprecation-of-node-20-on-github-actions-runners/
